,beta,init_rec_frac
0,0.18,0.94
1,0.18,0.95
2,0.19,0.88
3,0.19,0.99
4,0.2,0.76
5,0.2,0.82
6,0.2,0.83
7,0.2,0.88
8,0.2,0.89
9,0.2,0.91
10,0.2,0.93
11,0.2,0.94
12,0.2,0.95
13,0.2,0.97
14,0.2,0.98
15,0.2,0.99
16,0.21,0.73
17,0.21,0.79
18,0.21,0.81
19,0.21,0.84
20,0.21,0.85
21,0.21,0.86
22,0.21,0.87
23,0.21,0.88
24,0.21,0.89
25,0.21,0.9
26,0.21,0.91
27,0.21,0.92
28,0.21,0.93
29,0.21,0.94
30,0.21,0.95
31,0.21,0.96
32,0.21,0.97
33,0.21,0.98
34,0.21,0.99
35,0.22,0.69
36,0.22,0.72
37,0.22,0.73
38,0.22,0.74
39,0.22,0.75
40,0.22,0.78
41,0.22,0.81
42,0.22,0.82
43,0.22,0.83
44,0.22,0.84
45,0.22,0.85
46,0.22,0.86
47,0.22,0.89
48,0.22,0.9
49,0.22,0.91
50,0.22,0.92
51,0.22,0.93
52,0.22,0.94
53,0.22,0.95
54,0.22,0.96
55,0.22,0.97
56,0.22,0.98
57,0.22,0.99
58,0.23,0.61
59,0.23,0.63
60,0.23,0.66
61,0.23,0.72
62,0.23,0.73
63,0.23,0.74
64,0.23,0.75
65,0.23,0.76
66,0.23,0.79
67,0.23,0.8
68,0.23,0.81
69,0.23,0.82
70,0.23,0.83
71,0.23,0.84
72,0.23,0.85
73,0.23,0.86
74,0.23,0.87
75,0.23,0.88
76,0.23,0.89
77,0.23,0.9
78,0.23,0.91
79,0.23,0.92
80,0.23,0.93
81,0.23,0.94
82,0.23,0.95
83,0.23,0.96
84,0.23,0.97
85,0.23,0.98
86,0.23,0.99
87,0.24,0.48
88,0.24,0.59
89,0.24,0.6
90,0.24,0.62
91,0.24,0.65
92,0.24,0.66
93,0.24,0.67
94,0.24,0.68
95,0.24,0.69
96,0.24,0.7
97,0.24,0.71
98,0.24,0.72
99,0.24,0.73
100,0.24,0.74
101,0.24,0.75
102,0.24,0.76
103,0.24,0.77
104,0.24,0.78
105,0.24,0.79
106,0.24,0.8
107,0.24,0.81
108,0.24,0.82
109,0.24,0.83
110,0.24,0.84
111,0.24,0.85
112,0.24,0.86
113,0.24,0.87
114,0.24,0.88
115,0.24,0.89
116,0.24,0.9
117,0.24,0.91
118,0.24,0.92
119,0.24,0.93
120,0.24,0.94
121,0.24,0.95
122,0.24,0.96
123,0.24,0.97
124,0.24,0.98
125,0.24,0.99
126,0.25,0.57
127,0.25,0.58
128,0.25,0.6
129,0.25,0.62
130,0.25,0.64
131,0.25,0.67
132,0.25,0.68
133,0.25,0.69
134,0.25,0.7
135,0.25,0.71
136,0.25,0.72
137,0.25,0.73
138,0.25,0.74
139,0.25,0.75
140,0.25,0.76
141,0.25,0.77
142,0.25,0.78
143,0.25,0.79
144,0.25,0.8
145,0.25,0.81
146,0.25,0.82
147,0.25,0.83
148,0.25,0.84
149,0.25,0.85
150,0.25,0.86
151,0.25,0.87
152,0.25,0.88
153,0.25,0.89
154,0.25,0.9
155,0.25,0.91
156,0.25,0.92
157,0.25,0.93
158,0.25,0.94
159,0.25,0.95
160,0.25,0.96
161,0.25,0.97
162,0.25,0.98
163,0.25,0.99
164,0.26,0.57
165,0.26,0.59
166,0.26,0.6
167,0.26,0.61
168,0.26,0.62
169,0.26,0.64
170,0.26,0.65
171,0.26,0.66
172,0.26,0.67
173,0.26,0.68
174,0.26,0.69
175,0.26,0.7
176,0.26,0.71
177,0.26,0.72
178,0.26,0.73
179,0.26,0.74
180,0.26,0.75
181,0.26,0.76
182,0.26,0.77
183,0.26,0.78
184,0.26,0.79
185,0.26,0.8
186,0.26,0.81
187,0.26,0.82
188,0.26,0.83
189,0.26,0.84
190,0.26,0.85
191,0.26,0.86
192,0.26,0.87
193,0.26,0.88
194,0.26,0.89
195,0.26,0.9
196,0.26,0.91
197,0.26,0.92
198,0.26,0.93
199,0.26,0.94
200,0.26,0.95
201,0.26,0.96
202,0.26,0.97
203,0.26,0.98
204,0.26,0.99
205,0.27,0.49
206,0.27,0.52
207,0.27,0.57
208,0.27,0.58
209,0.27,0.59
210,0.27,0.6
211,0.27,0.61
212,0.27,0.62
213,0.27,0.63
214,0.27,0.64
215,0.27,0.65
216,0.27,0.66
217,0.27,0.67
218,0.27,0.68
219,0.27,0.69
220,0.27,0.7
221,0.27,0.71
222,0.27,0.72
223,0.27,0.73
224,0.27,0.74
225,0.27,0.75
226,0.27,0.76
227,0.27,0.77
228,0.27,0.78
229,0.27,0.79
230,0.27,0.8
231,0.27,0.81
232,0.27,0.82
233,0.27,0.83
234,0.27,0.84
235,0.27,0.85
236,0.27,0.86
237,0.27,0.87
238,0.27,0.88
239,0.27,0.89
240,0.27,0.9
241,0.27,0.91
242,0.27,0.92
243,0.27,0.93
244,0.27,0.94
245,0.27,0.95
246,0.27,0.96
247,0.27,0.97
248,0.27,0.98
249,0.27,0.99
250,0.28,0.49
251,0.28,0.52
252,0.28,0.56
253,0.28,0.57
254,0.28,0.58
255,0.28,0.59
256,0.28,0.6
257,0.28,0.61
258,0.28,0.62
259,0.28,0.63
260,0.28,0.64
261,0.28,0.65
262,0.28,0.66
263,0.28,0.67
264,0.28,0.68
265,0.28,0.69
266,0.28,0.7
267,0.28,0.71
268,0.28,0.72
269,0.28,0.73
270,0.28,0.74
271,0.28,0.75
272,0.28,0.76
273,0.28,0.77
274,0.28,0.78
275,0.28,0.79
276,0.28,0.8
277,0.28,0.81
278,0.28,0.82
279,0.28,0.83
280,0.28,0.84
281,0.28,0.85
282,0.28,0.86
283,0.28,0.87
284,0.28,0.88
285,0.28,0.89
286,0.28,0.9
287,0.28,0.91
288,0.28,0.92
289,0.28,0.93
290,0.28,0.94
291,0.28,0.95
292,0.28,0.96
293,0.28,0.97
294,0.28,0.98
295,0.28,0.99
296,0.29,0.46
297,0.29,0.47
298,0.29,0.49
299,0.29,0.5
300,0.29,0.52
301,0.29,0.53
302,0.29,0.54
303,0.29,0.56
304,0.29,0.57
305,0.29,0.58
306,0.29,0.59
307,0.29,0.6
308,0.29,0.61
309,0.29,0.62
310,0.29,0.63
311,0.29,0.64
312,0.29,0.65
313,0.29,0.66
314,0.29,0.67
315,0.29,0.68
316,0.29,0.69
317,0.29,0.7
318,0.29,0.71
319,0.29,0.72
320,0.29,0.73
321,0.29,0.74
322,0.29,0.75
323,0.29,0.76
324,0.29,0.77
325,0.29,0.78
326,0.29,0.79
327,0.29,0.8
328,0.29,0.81
329,0.29,0.82
330,0.29,0.83
331,0.29,0.84
332,0.29,0.85
333,0.29,0.86
334,0.29,0.87
335,0.29,0.88
336,0.29,0.89
337,0.29,0.9
338,0.29,0.91
339,0.29,0.92
340,0.29,0.93
341,0.29,0.94
342,0.29,0.95
343,0.29,0.96
344,0.29,0.97
345,0.29,0.98
346,0.29,0.99
347,0.3,0.41
348,0.3,0.47
349,0.3,0.48
350,0.3,0.5
351,0.3,0.54
352,0.3,0.55
353,0.3,0.56
354,0.3,0.57
355,0.3,0.58
356,0.3,0.59
357,0.3,0.6
358,0.3,0.61
359,0.3,0.62
360,0.3,0.63
361,0.3,0.64
362,0.3,0.65
363,0.3,0.66
364,0.3,0.67
365,0.3,0.68
366,0.3,0.69
367,0.3,0.7
368,0.3,0.71
369,0.3,0.72
370,0.3,0.73
371,0.3,0.74
372,0.3,0.75
373,0.3,0.76
374,0.3,0.77
375,0.3,0.78
376,0.3,0.79
377,0.3,0.8
378,0.3,0.81
379,0.3,0.82
380,0.3,0.83
381,0.3,0.84
382,0.3,0.85
383,0.3,0.86
384,0.3,0.87
385,0.3,0.88
386,0.3,0.89
387,0.3,0.9
388,0.3,0.91
389,0.3,0.92
390,0.3,0.93
391,0.3,0.94
392,0.3,0.95
393,0.3,0.96
394,0.3,0.97
395,0.3,0.98
396,0.3,0.99
397,0.31,0.44
398,0.31,0.47
399,0.31,0.49
400,0.31,0.5
401,0.31,0.51
402,0.31,0.52
403,0.31,0.53
404,0.31,0.55
405,0.31,0.56
406,0.31,0.57
407,0.31,0.58
408,0.31,0.59
409,0.31,0.6
410,0.31,0.61
411,0.31,0.62
412,0.31,0.63
413,0.31,0.64
414,0.31,0.65
415,0.31,0.66
416,0.31,0.67
417,0.31,0.68
418,0.31,0.69
419,0.31,0.7
420,0.31,0.71
421,0.31,0.72
422,0.31,0.73
423,0.31,0.74
424,0.31,0.75
425,0.31,0.76
426,0.31,0.77
427,0.31,0.78
428,0.31,0.79
429,0.31,0.8
430,0.31,0.81
431,0.31,0.82
432,0.31,0.83
433,0.31,0.84
434,0.31,0.85
435,0.31,0.86
436,0.31,0.87
437,0.31,0.88
438,0.31,0.89
439,0.31,0.9
440,0.31,0.91
441,0.31,0.92
442,0.31,0.93
443,0.31,0.94
444,0.31,0.95
445,0.31,0.96
446,0.31,0.97
447,0.31,0.98
448,0.31,0.99
449,0.32,0.37
450,0.32,0.43
451,0.32,0.44
452,0.32,0.45
453,0.32,0.47
454,0.32,0.48
455,0.32,0.5
456,0.32,0.51
457,0.32,0.52
458,0.32,0.54
459,0.32,0.55
460,0.32,0.56
461,0.32,0.57
462,0.32,0.58
463,0.32,0.59
464,0.32,0.6
465,0.32,0.61
466,0.32,0.62
467,0.32,0.63
468,0.32,0.64
469,0.32,0.65
470,0.32,0.66
471,0.32,0.67
472,0.32,0.68
473,0.32,0.69
474,0.32,0.7
475,0.32,0.71
476,0.32,0.72
477,0.32,0.73
478,0.32,0.74
479,0.32,0.75
480,0.32,0.76
481,0.32,0.77
482,0.32,0.78
483,0.32,0.79
484,0.32,0.8
485,0.32,0.81
486,0.32,0.82
487,0.32,0.83
488,0.32,0.84
489,0.32,0.85
490,0.32,0.86
491,0.32,0.87
492,0.32,0.88
493,0.32,0.89
494,0.32,0.9
495,0.32,0.91
496,0.32,0.92
497,0.32,0.93
498,0.32,0.94
499,0.32,0.95
500,0.32,0.96
501,0.32,0.97
502,0.32,0.98
503,0.32,0.99
504,0.33,0.4
505,0.33,0.41
506,0.33,0.43
507,0.33,0.45
508,0.33,0.46
509,0.33,0.47
510,0.33,0.48
511,0.33,0.49
512,0.33,0.51
513,0.33,0.52
514,0.33,0.53
515,0.33,0.54
516,0.33,0.55
517,0.33,0.56
518,0.33,0.57
519,0.33,0.58
520,0.33,0.59
521,0.33,0.6
522,0.33,0.61
523,0.33,0.62
524,0.33,0.63
525,0.33,0.64
526,0.33,0.65
527,0.33,0.66
528,0.33,0.67
529,0.33,0.68
530,0.33,0.69
531,0.33,0.7
532,0.33,0.71
533,0.33,0.72
534,0.33,0.73
535,0.33,0.74
536,0.33,0.75
537,0.33,0.76
538,0.33,0.77
539,0.33,0.78
540,0.33,0.79
541,0.33,0.8
542,0.33,0.81
543,0.33,0.82
544,0.33,0.83
545,0.33,0.84
546,0.33,0.85
547,0.33,0.86
548,0.33,0.87
549,0.33,0.88
550,0.33,0.89
551,0.33,0.9
552,0.33,0.91
553,0.33,0.92
554,0.33,0.93
555,0.33,0.94
556,0.33,0.95
557,0.33,0.96
558,0.33,0.97
559,0.33,0.98
560,0.33,0.99
561,0.34,0.32
562,0.34,0.39
563,0.34,0.41
564,0.34,0.43
565,0.34,0.46
566,0.34,0.47
567,0.34,0.48
568,0.34,0.49
569,0.34,0.5
570,0.34,0.51
571,0.34,0.52
572,0.34,0.53
573,0.34,0.54
574,0.34,0.55
575,0.34,0.56
576,0.34,0.57
577,0.34,0.58
578,0.34,0.59
579,0.34,0.6
580,0.34,0.61
581,0.34,0.62
582,0.34,0.63
583,0.34,0.64
584,0.34,0.65
585,0.34,0.66
586,0.34,0.67
587,0.34,0.68
588,0.34,0.69
589,0.34,0.7
590,0.34,0.71
591,0.34,0.72
592,0.34,0.73
593,0.34,0.74
594,0.34,0.75
595,0.34,0.76
596,0.34,0.77
597,0.34,0.78
598,0.34,0.79
599,0.34,0.8
600,0.34,0.81
601,0.34,0.82
602,0.34,0.83
603,0.34,0.84
604,0.34,0.85
605,0.34,0.86
606,0.34,0.87
607,0.34,0.88
608,0.34,0.89
609,0.34,0.9
610,0.34,0.91
611,0.34,0.92
612,0.34,0.93
613,0.34,0.94
614,0.34,0.95
615,0.34,0.96
616,0.34,0.97
617,0.34,0.98
618,0.34,0.99
619,0.35,0.33
620,0.35,0.35
621,0.35,0.4
622,0.35,0.41
623,0.35,0.43
624,0.35,0.44
625,0.35,0.45
626,0.35,0.46
627,0.35,0.47
628,0.35,0.48
629,0.35,0.49
630,0.35,0.5
631,0.35,0.51
632,0.35,0.52
633,0.35,0.53
634,0.35,0.54
635,0.35,0.55
636,0.35,0.56
637,0.35,0.57
638,0.35,0.58
639,0.35,0.59
640,0.35,0.6
641,0.35,0.61
642,0.35,0.62
643,0.35,0.63
644,0.35,0.64
645,0.35,0.65
646,0.35,0.66
647,0.35,0.67
648,0.35,0.68
649,0.35,0.69
650,0.35,0.7
651,0.35,0.71
652,0.35,0.72
653,0.35,0.73
654,0.35,0.74
655,0.35,0.75
656,0.35,0.76
657,0.35,0.77
658,0.35,0.78
659,0.35,0.79
660,0.35,0.8
661,0.35,0.81
662,0.35,0.82
663,0.35,0.83
664,0.35,0.84
665,0.35,0.85
666,0.35,0.86
667,0.35,0.87
668,0.35,0.88
669,0.35,0.89
670,0.35,0.9
671,0.35,0.91
672,0.35,0.92
673,0.35,0.93
674,0.35,0.94
675,0.35,0.95
676,0.35,0.96
677,0.35,0.97
678,0.35,0.98
679,0.35,0.99
680,0.36,0.3
681,0.36,0.32
682,0.36,0.35
683,0.36,0.39
684,0.36,0.4
685,0.36,0.41
686,0.36,0.42
687,0.36,0.43
688,0.36,0.44
689,0.36,0.45
690,0.36,0.46
691,0.36,0.47
692,0.36,0.48
693,0.36,0.5
694,0.36,0.51
695,0.36,0.52
696,0.36,0.53
697,0.36,0.54
698,0.36,0.55
699,0.36,0.56
700,0.36,0.57
701,0.36,0.58
702,0.36,0.59
703,0.36,0.6
704,0.36,0.61
705,0.36,0.62
706,0.36,0.63
707,0.36,0.64
708,0.36,0.65
709,0.36,0.66
710,0.36,0.67
711,0.36,0.68
712,0.36,0.69
713,0.36,0.7
714,0.36,0.71
715,0.36,0.72
716,0.36,0.73
717,0.36,0.74
718,0.36,0.75
719,0.36,0.76
720,0.36,0.77
721,0.36,0.78
722,0.36,0.79
723,0.36,0.8
724,0.36,0.81
725,0.36,0.82
726,0.36,0.83
727,0.36,0.84
728,0.36,0.85
729,0.36,0.86
730,0.36,0.87
731,0.36,0.88
732,0.36,0.89
733,0.36,0.9
734,0.36,0.91
735,0.36,0.92
736,0.36,0.93
737,0.36,0.94
738,0.36,0.95
739,0.36,0.96
740,0.36,0.97
741,0.36,0.98
742,0.36,0.99
743,0.37,0.34
744,0.37,0.37
745,0.37,0.38
746,0.37,0.4
747,0.37,0.41
748,0.37,0.42
749,0.37,0.43
750,0.37,0.44
751,0.37,0.45
752,0.37,0.46
753,0.37,0.47
754,0.37,0.48
755,0.37,0.49
756,0.37,0.5
757,0.37,0.51
758,0.37,0.52
759,0.37,0.53
760,0.37,0.54
761,0.37,0.55
762,0.37,0.56
763,0.37,0.57
764,0.37,0.58
765,0.37,0.59
766,0.37,0.6
767,0.37,0.61
768,0.37,0.62
769,0.37,0.63
770,0.37,0.64
771,0.37,0.65
772,0.37,0.66
773,0.37,0.67
774,0.37,0.68
775,0.37,0.69
776,0.37,0.7
777,0.37,0.71
778,0.37,0.72
779,0.37,0.73
780,0.37,0.74
781,0.37,0.75
782,0.37,0.76
783,0.37,0.77
784,0.37,0.78
785,0.37,0.79
786,0.37,0.8
787,0.37,0.81
788,0.37,0.82
789,0.37,0.83
790,0.37,0.84
791,0.37,0.85
792,0.37,0.86
793,0.37,0.87
794,0.37,0.88
795,0.37,0.89
796,0.37,0.9
797,0.37,0.91
798,0.37,0.92
799,0.37,0.93
800,0.37,0.94
801,0.37,0.95
802,0.37,0.96
803,0.37,0.97
804,0.37,0.98
805,0.37,0.99
806,0.38,0.32
807,0.38,0.34
808,0.38,0.41
809,0.38,0.42
810,0.38,0.43
811,0.38,0.44
812,0.38,0.45
813,0.38,0.46
814,0.38,0.47
815,0.38,0.48
816,0.38,0.49
817,0.38,0.5
818,0.38,0.51
819,0.38,0.52
820,0.38,0.53
821,0.38,0.54
822,0.38,0.55
823,0.38,0.56
824,0.38,0.57
825,0.38,0.58
826,0.38,0.59
827,0.38,0.6
828,0.38,0.61
829,0.38,0.62
830,0.38,0.63
831,0.38,0.64
832,0.38,0.65
833,0.38,0.66
834,0.38,0.67
835,0.38,0.68
836,0.38,0.69
837,0.38,0.7
838,0.38,0.71
839,0.38,0.72
840,0.38,0.73
841,0.38,0.74
842,0.38,0.75
843,0.38,0.76
844,0.38,0.77
845,0.38,0.78
846,0.38,0.79
847,0.38,0.8
848,0.38,0.81
849,0.38,0.82
850,0.38,0.83
851,0.38,0.84
852,0.38,0.85
853,0.38,0.86
854,0.38,0.87
855,0.38,0.88
856,0.38,0.89
857,0.38,0.9
858,0.38,0.91
859,0.38,0.92
860,0.38,0.93
861,0.38,0.94
862,0.38,0.95
863,0.38,0.96
864,0.38,0.97
865,0.38,0.98
866,0.38,0.99
867,0.39,0.27
868,0.39,0.29
869,0.39,0.3
870,0.39,0.37
871,0.39,0.38
872,0.39,0.39
873,0.39,0.4
874,0.39,0.41
875,0.39,0.42
876,0.39,0.43
877,0.39,0.44
878,0.39,0.45
879,0.39,0.46
880,0.39,0.47
881,0.39,0.48
882,0.39,0.49
883,0.39,0.5
884,0.39,0.51
885,0.39,0.52
886,0.39,0.53
887,0.39,0.54
888,0.39,0.55
889,0.39,0.56
890,0.39,0.57
891,0.39,0.58
892,0.39,0.59
893,0.39,0.6
894,0.39,0.61
895,0.39,0.62
896,0.39,0.63
897,0.39,0.64
898,0.39,0.65
899,0.39,0.66
900,0.39,0.67
901,0.39,0.68
902,0.39,0.69
903,0.39,0.7
904,0.39,0.71
905,0.39,0.72
906,0.39,0.73
907,0.39,0.74
908,0.39,0.75
909,0.39,0.76
910,0.39,0.77
911,0.39,0.78
912,0.39,0.79
913,0.39,0.8
914,0.39,0.81
915,0.39,0.82
916,0.39,0.83
917,0.39,0.84
918,0.39,0.85
919,0.39,0.86
920,0.39,0.87
921,0.39,0.88
922,0.39,0.89
923,0.39,0.9
924,0.39,0.91
925,0.39,0.92
926,0.39,0.93
927,0.39,0.94
928,0.39,0.95
929,0.39,0.96
930,0.39,0.97
931,0.39,0.98
932,0.39,0.99
933,0.4,0.31
934,0.4,0.32
935,0.4,0.35
936,0.4,0.36
937,0.4,0.37
938,0.4,0.38
939,0.4,0.39
940,0.4,0.4
941,0.4,0.41
942,0.4,0.42
943,0.4,0.43
944,0.4,0.44
945,0.4,0.45
946,0.4,0.46
947,0.4,0.47
948,0.4,0.48
949,0.4,0.49
950,0.4,0.5
951,0.4,0.51
952,0.4,0.52
953,0.4,0.53
954,0.4,0.54
955,0.4,0.55
956,0.4,0.56
957,0.4,0.57
958,0.4,0.58
959,0.4,0.59
960,0.4,0.6
961,0.4,0.61
962,0.4,0.62
963,0.4,0.63
964,0.4,0.64
965,0.4,0.65
966,0.4,0.66
967,0.4,0.67
968,0.4,0.68
969,0.4,0.69
970,0.4,0.7
971,0.4,0.71
972,0.4,0.72
973,0.4,0.73
974,0.4,0.74
975,0.4,0.75
976,0.4,0.76
977,0.4,0.77
978,0.4,0.78
979,0.4,0.79
980,0.4,0.8
981,0.4,0.81
982,0.4,0.82
983,0.4,0.83
984,0.4,0.84
985,0.4,0.85
986,0.4,0.86
987,0.4,0.87
988,0.4,0.88
989,0.4,0.89
990,0.4,0.9
991,0.4,0.91
992,0.4,0.92
993,0.4,0.93
994,0.4,0.94
995,0.4,0.95
996,0.4,0.96
997,0.4,0.97
998,0.4,0.98
999,0.4,0.99
1000,0.41,0.3
1001,0.41,0.32
1002,0.41,0.33
1003,0.41,0.34
1004,0.41,0.35
1005,0.41,0.37
1006,0.41,0.38
1007,0.41,0.4
1008,0.41,0.41
1009,0.41,0.42
1010,0.41,0.43
1011,0.41,0.44
1012,0.41,0.45
1013,0.41,0.46
1014,0.41,0.47
1015,0.41,0.48
1016,0.41,0.49
1017,0.41,0.5
1018,0.41,0.51
1019,0.41,0.52
1020,0.41,0.53
1021,0.41,0.54
1022,0.41,0.55
1023,0.41,0.56
1024,0.41,0.57
1025,0.41,0.58
1026,0.41,0.59
1027,0.41,0.6
1028,0.41,0.61
1029,0.41,0.62
1030,0.41,0.63
1031,0.41,0.64
1032,0.41,0.65
1033,0.41,0.66
1034,0.41,0.67
1035,0.41,0.68
1036,0.41,0.69
1037,0.41,0.7
1038,0.41,0.71
1039,0.41,0.72
1040,0.41,0.73
1041,0.41,0.74
1042,0.41,0.75
1043,0.41,0.76
1044,0.41,0.77
1045,0.41,0.78
1046,0.41,0.79
1047,0.41,0.8
1048,0.41,0.81
1049,0.41,0.82
1050,0.41,0.83
1051,0.41,0.84
1052,0.41,0.85
1053,0.41,0.86
1054,0.41,0.87
1055,0.41,0.88
1056,0.41,0.89
1057,0.41,0.9
1058,0.41,0.91
1059,0.41,0.92
1060,0.41,0.93
1061,0.41,0.94
1062,0.41,0.95
1063,0.41,0.96
1064,0.41,0.97
1065,0.41,0.98
1066,0.41,0.99
1067,0.42,0.3
1068,0.42,0.32
1069,0.42,0.33
1070,0.42,0.34
1071,0.42,0.35
1072,0.42,0.36
1073,0.42,0.37
1074,0.42,0.38
1075,0.42,0.39
1076,0.42,0.4
1077,0.42,0.41
1078,0.42,0.42
1079,0.42,0.43
1080,0.42,0.44
1081,0.42,0.45
1082,0.42,0.46
1083,0.42,0.47
1084,0.42,0.48
1085,0.42,0.49
1086,0.42,0.5
1087,0.42,0.51
1088,0.42,0.52
1089,0.42,0.53
1090,0.42,0.54
1091,0.42,0.55
1092,0.42,0.56
1093,0.42,0.57
1094,0.42,0.58
1095,0.42,0.59
1096,0.42,0.6
1097,0.42,0.61
1098,0.42,0.62
1099,0.42,0.63
1100,0.42,0.64
1101,0.42,0.65
1102,0.42,0.66
1103,0.42,0.67
1104,0.42,0.68
1105,0.42,0.69
1106,0.42,0.7
1107,0.42,0.71
1108,0.42,0.72
1109,0.42,0.73
1110,0.42,0.74
1111,0.42,0.75
1112,0.42,0.76
1113,0.42,0.77
1114,0.42,0.78
1115,0.42,0.79
1116,0.42,0.8
1117,0.42,0.81
1118,0.42,0.82
1119,0.42,0.83
1120,0.42,0.84
1121,0.42,0.85
1122,0.42,0.86
1123,0.42,0.87
1124,0.42,0.88
1125,0.42,0.89
1126,0.42,0.9
1127,0.42,0.91
1128,0.42,0.92
1129,0.42,0.93
1130,0.42,0.94
1131,0.42,0.95
1132,0.42,0.96
1133,0.42,0.97
1134,0.42,0.98
1135,0.42,0.99
1136,0.43,0.3
1137,0.43,0.32
1138,0.43,0.35
1139,0.43,0.36
1140,0.43,0.37
1141,0.43,0.38
1142,0.43,0.39
1143,0.43,0.4
1144,0.43,0.41
1145,0.43,0.42
1146,0.43,0.43
1147,0.43,0.44
1148,0.43,0.45
1149,0.43,0.46
1150,0.43,0.47
1151,0.43,0.48
1152,0.43,0.49
1153,0.43,0.5
1154,0.43,0.51
1155,0.43,0.52
1156,0.43,0.53
1157,0.43,0.54
1158,0.43,0.55
1159,0.43,0.56
1160,0.43,0.57
1161,0.43,0.58
1162,0.43,0.59
1163,0.43,0.6
1164,0.43,0.61
1165,0.43,0.62
1166,0.43,0.63
1167,0.43,0.64
1168,0.43,0.65
1169,0.43,0.66
1170,0.43,0.67
1171,0.43,0.68
1172,0.43,0.69
1173,0.43,0.7
1174,0.43,0.71
1175,0.43,0.72
1176,0.43,0.73
1177,0.43,0.74
1178,0.43,0.75
1179,0.43,0.76
1180,0.43,0.77
1181,0.43,0.78
1182,0.43,0.79
1183,0.43,0.8
1184,0.43,0.81
1185,0.43,0.82
1186,0.43,0.83
1187,0.43,0.84
1188,0.43,0.85
1189,0.43,0.86
1190,0.43,0.87
1191,0.43,0.88
1192,0.43,0.89
1193,0.43,0.9
1194,0.43,0.91
1195,0.43,0.92
1196,0.43,0.93
1197,0.43,0.94
1198,0.43,0.95
1199,0.43,0.96
1200,0.43,0.97
1201,0.43,0.98
1202,0.43,0.99
1203,0.44,0.25
1204,0.44,0.29
1205,0.44,0.31
1206,0.44,0.32
1207,0.44,0.34
1208,0.44,0.35
1209,0.44,0.36
1210,0.44,0.37
1211,0.44,0.38
1212,0.44,0.39
1213,0.44,0.4
1214,0.44,0.41
1215,0.44,0.42
1216,0.44,0.43
1217,0.44,0.44
1218,0.44,0.45
1219,0.44,0.46
1220,0.44,0.47
1221,0.44,0.48
1222,0.44,0.49
1223,0.44,0.5
1224,0.44,0.51
1225,0.44,0.52
1226,0.44,0.53
1227,0.44,0.54
1228,0.44,0.55
1229,0.44,0.56
1230,0.44,0.57
1231,0.44,0.58
1232,0.44,0.59
1233,0.44,0.6
1234,0.44,0.61
1235,0.44,0.62
1236,0.44,0.63
1237,0.44,0.64
1238,0.44,0.65
1239,0.44,0.66
1240,0.44,0.67
1241,0.44,0.68
1242,0.44,0.69
1243,0.44,0.7
1244,0.44,0.71
1245,0.44,0.72
1246,0.44,0.73
1247,0.44,0.74
1248,0.44,0.75
1249,0.44,0.76
1250,0.44,0.77
1251,0.44,0.78
1252,0.44,0.79
1253,0.44,0.8
1254,0.44,0.81
1255,0.44,0.82
1256,0.44,0.83
1257,0.44,0.84
1258,0.44,0.85
1259,0.44,0.86
1260,0.44,0.87
1261,0.44,0.88
1262,0.44,0.89
1263,0.44,0.9
1264,0.44,0.91
1265,0.44,0.92
1266,0.44,0.93
1267,0.44,0.94
1268,0.44,0.95
1269,0.44,0.96
1270,0.44,0.97
1271,0.44,0.98
1272,0.44,0.99
1273,0.45,0.25
1274,0.45,0.28
1275,0.45,0.29
1276,0.45,0.3
1277,0.45,0.31
1278,0.45,0.32
1279,0.45,0.33
1280,0.45,0.34
1281,0.45,0.35
1282,0.45,0.37
1283,0.45,0.38
1284,0.45,0.39
1285,0.45,0.4
1286,0.45,0.41
1287,0.45,0.42
1288,0.45,0.43
1289,0.45,0.44
1290,0.45,0.45
1291,0.45,0.46
1292,0.45,0.47
1293,0.45,0.48
1294,0.45,0.49
1295,0.45,0.5
1296,0.45,0.51
1297,0.45,0.52
1298,0.45,0.53
1299,0.45,0.54
1300,0.45,0.55
1301,0.45,0.56
1302,0.45,0.57
1303,0.45,0.58
1304,0.45,0.59
1305,0.45,0.6
1306,0.45,0.61
1307,0.45,0.62
1308,0.45,0.63
1309,0.45,0.64
1310,0.45,0.65
1311,0.45,0.66
1312,0.45,0.67
1313,0.45,0.68
1314,0.45,0.69
1315,0.45,0.7
1316,0.45,0.71
1317,0.45,0.72
1318,0.45,0.73
1319,0.45,0.74
1320,0.45,0.75
1321,0.45,0.76
1322,0.45,0.77
1323,0.45,0.78
1324,0.45,0.79
1325,0.45,0.8
1326,0.45,0.81
1327,0.45,0.82
1328,0.45,0.83
1329,0.45,0.84
1330,0.45,0.85
1331,0.45,0.86
1332,0.45,0.87
1333,0.45,0.88
1334,0.45,0.89
1335,0.45,0.9
1336,0.45,0.91
1337,0.45,0.92
1338,0.45,0.93
1339,0.45,0.94
1340,0.45,0.95
1341,0.45,0.96
1342,0.45,0.97
1343,0.45,0.98
1344,0.45,0.99
1345,0.46,0.24
1346,0.46,0.29
1347,0.46,0.3
1348,0.46,0.31
1349,0.46,0.32
1350,0.46,0.33
1351,0.46,0.34
1352,0.46,0.35
1353,0.46,0.36
1354,0.46,0.37
1355,0.46,0.38
1356,0.46,0.39
1357,0.46,0.4
1358,0.46,0.41
1359,0.46,0.42
1360,0.46,0.43
1361,0.46,0.44
1362,0.46,0.45
1363,0.46,0.46
1364,0.46,0.47
1365,0.46,0.48
1366,0.46,0.49
1367,0.46,0.5
1368,0.46,0.51
1369,0.46,0.52
1370,0.46,0.53
1371,0.46,0.54
1372,0.46,0.55
1373,0.46,0.56
1374,0.46,0.57
1375,0.46,0.58
1376,0.46,0.59
1377,0.46,0.6
1378,0.46,0.61
1379,0.46,0.62
1380,0.46,0.63
1381,0.46,0.64
1382,0.46,0.65
1383,0.46,0.66
1384,0.46,0.67
1385,0.46,0.68
1386,0.46,0.69
1387,0.46,0.7
1388,0.46,0.71
1389,0.46,0.72
1390,0.46,0.73
1391,0.46,0.74
1392,0.46,0.75
1393,0.46,0.76
1394,0.46,0.77
1395,0.46,0.78
1396,0.46,0.79
1397,0.46,0.8
1398,0.46,0.81
1399,0.46,0.82
1400,0.46,0.83
1401,0.46,0.84
1402,0.46,0.85
1403,0.46,0.86
1404,0.46,0.87
1405,0.46,0.88
1406,0.46,0.89
1407,0.46,0.9
1408,0.46,0.91
1409,0.46,0.92
1410,0.46,0.93
1411,0.46,0.94
1412,0.46,0.95
1413,0.46,0.96
1414,0.46,0.97
1415,0.46,0.98
1416,0.46,0.99
1417,0.47,0.25
1418,0.47,0.28
1419,0.47,0.29
1420,0.47,0.3
1421,0.47,0.31
1422,0.47,0.32
1423,0.47,0.33
1424,0.47,0.34
1425,0.47,0.35
1426,0.47,0.36
1427,0.47,0.37
1428,0.47,0.38
1429,0.47,0.39
1430,0.47,0.4
1431,0.47,0.41
1432,0.47,0.42
1433,0.47,0.43
1434,0.47,0.44
1435,0.47,0.45
1436,0.47,0.46
1437,0.47,0.47
1438,0.47,0.48
1439,0.47,0.49
1440,0.47,0.5
1441,0.47,0.51
1442,0.47,0.52
1443,0.47,0.53
1444,0.47,0.54
1445,0.47,0.55
1446,0.47,0.56
1447,0.47,0.57
1448,0.47,0.58
1449,0.47,0.59
1450,0.47,0.6
1451,0.47,0.61
1452,0.47,0.62
1453,0.47,0.63
1454,0.47,0.64
1455,0.47,0.65
1456,0.47,0.66
1457,0.47,0.67
1458,0.47,0.68
1459,0.47,0.69
1460,0.47,0.7
1461,0.47,0.71
1462,0.47,0.72
1463,0.47,0.73
1464,0.47,0.74
1465,0.47,0.75
1466,0.47,0.76
1467,0.47,0.77
1468,0.47,0.78
1469,0.47,0.79
1470,0.47,0.8
1471,0.47,0.81
1472,0.47,0.82
1473,0.47,0.83
1474,0.47,0.84
1475,0.47,0.85
1476,0.47,0.86
1477,0.47,0.87
1478,0.47,0.88
1479,0.47,0.89
1480,0.47,0.9
1481,0.47,0.91
1482,0.47,0.92
1483,0.47,0.93
1484,0.47,0.94
1485,0.47,0.95
1486,0.47,0.96
1487,0.47,0.97
1488,0.47,0.98
1489,0.47,0.99
1490,0.48,0.29
1491,0.48,0.3
1492,0.48,0.31
1493,0.48,0.32
1494,0.48,0.33
1495,0.48,0.34
1496,0.48,0.35
1497,0.48,0.36
1498,0.48,0.37
1499,0.48,0.38
1500,0.48,0.39
1501,0.48,0.4
1502,0.48,0.41
1503,0.48,0.42
1504,0.48,0.43
1505,0.48,0.44
1506,0.48,0.45
1507,0.48,0.46
1508,0.48,0.47
1509,0.48,0.48
1510,0.48,0.49
1511,0.48,0.5
1512,0.48,0.51
1513,0.48,0.52
1514,0.48,0.53
1515,0.48,0.54
1516,0.48,0.55
1517,0.48,0.56
1518,0.48,0.57
1519,0.48,0.58
1520,0.48,0.59
1521,0.48,0.6
1522,0.48,0.61
1523,0.48,0.62
1524,0.48,0.63
1525,0.48,0.64
1526,0.48,0.65
1527,0.48,0.66
1528,0.48,0.67
1529,0.48,0.68
1530,0.48,0.69
1531,0.48,0.7
1532,0.48,0.71
1533,0.48,0.72
1534,0.48,0.73
1535,0.48,0.74
1536,0.48,0.75
1537,0.48,0.76
1538,0.48,0.77
1539,0.48,0.78
1540,0.48,0.79
1541,0.48,0.8
1542,0.48,0.81
1543,0.48,0.82
1544,0.48,0.83
1545,0.48,0.84
1546,0.48,0.85
1547,0.48,0.86
1548,0.48,0.87
1549,0.48,0.88
1550,0.48,0.89
1551,0.48,0.9
1552,0.48,0.91
1553,0.48,0.92
1554,0.48,0.93
1555,0.48,0.94
1556,0.48,0.95
1557,0.48,0.96
1558,0.48,0.97
1559,0.48,0.98
1560,0.48,0.99
1561,0.49,0.22
1562,0.49,0.28
1563,0.49,0.3
1564,0.49,0.31
1565,0.49,0.32
1566,0.49,0.33
1567,0.49,0.34
1568,0.49,0.35
1569,0.49,0.36
1570,0.49,0.37
1571,0.49,0.38
1572,0.49,0.39
1573,0.49,0.4
1574,0.49,0.41
1575,0.49,0.42
1576,0.49,0.43
1577,0.49,0.44
1578,0.49,0.45
1579,0.49,0.46
1580,0.49,0.47
1581,0.49,0.48
1582,0.49,0.49
1583,0.49,0.5
1584,0.49,0.51
1585,0.49,0.52
1586,0.49,0.53
1587,0.49,0.54
1588,0.49,0.55
1589,0.49,0.56
1590,0.49,0.57
1591,0.49,0.58
1592,0.49,0.59
1593,0.49,0.6
1594,0.49,0.61
1595,0.49,0.62
1596,0.49,0.63
1597,0.49,0.64
1598,0.49,0.65
1599,0.49,0.66
1600,0.49,0.67
1601,0.49,0.68
1602,0.49,0.69
1603,0.49,0.7
1604,0.49,0.71
1605,0.49,0.72
1606,0.49,0.73
1607,0.49,0.74
1608,0.49,0.75
1609,0.49,0.76
1610,0.49,0.77
1611,0.49,0.78
1612,0.49,0.79
1613,0.49,0.8
1614,0.49,0.81
1615,0.49,0.82
1616,0.49,0.83
1617,0.49,0.84
1618,0.49,0.85
1619,0.49,0.86
1620,0.49,0.87
1621,0.49,0.88
1622,0.49,0.89
1623,0.49,0.9
1624,0.49,0.91
1625,0.49,0.92
1626,0.49,0.93
1627,0.49,0.94
1628,0.49,0.95
1629,0.49,0.96
1630,0.49,0.97
1631,0.49,0.98
1632,0.49,0.99
1633,0.5,0.23
1634,0.5,0.24
1635,0.5,0.28
1636,0.5,0.29
1637,0.5,0.3
1638,0.5,0.32
1639,0.5,0.33
1640,0.5,0.34
1641,0.5,0.35
1642,0.5,0.36
1643,0.5,0.37
1644,0.5,0.38
1645,0.5,0.39
1646,0.5,0.4
1647,0.5,0.41
1648,0.5,0.42
1649,0.5,0.43
1650,0.5,0.44
1651,0.5,0.45
1652,0.5,0.46
1653,0.5,0.47
1654,0.5,0.48
1655,0.5,0.49
1656,0.5,0.5
1657,0.5,0.51
1658,0.5,0.52
1659,0.5,0.53
1660,0.5,0.54
1661,0.5,0.55
1662,0.5,0.56
1663,0.5,0.57
1664,0.5,0.58
1665,0.5,0.59
1666,0.5,0.6
1667,0.5,0.61
1668,0.5,0.62
1669,0.5,0.63
1670,0.5,0.64
1671,0.5,0.65
1672,0.5,0.66
1673,0.5,0.67
1674,0.5,0.68
1675,0.5,0.69
1676,0.5,0.7
1677,0.5,0.71
1678,0.5,0.72
1679,0.5,0.73
1680,0.5,0.74
1681,0.5,0.75
1682,0.5,0.76
1683,0.5,0.77
1684,0.5,0.78
1685,0.5,0.79
1686,0.5,0.8
1687,0.5,0.81
1688,0.5,0.82
1689,0.5,0.83
1690,0.5,0.84
1691,0.5,0.85
1692,0.5,0.86
1693,0.5,0.87
1694,0.5,0.88
1695,0.5,0.89
1696,0.5,0.9
1697,0.5,0.91
1698,0.5,0.92
1699,0.5,0.93
1700,0.5,0.94
1701,0.5,0.95
1702,0.5,0.96
1703,0.5,0.97
1704,0.5,0.98
1705,0.5,0.99
1706,0.51,0.23
1707,0.51,0.24
1708,0.51,0.25
1709,0.51,0.26
1710,0.51,0.28
1711,0.51,0.29
1712,0.51,0.3
1713,0.51,0.31
1714,0.51,0.32
1715,0.51,0.33
1716,0.51,0.34
1717,0.51,0.35
1718,0.51,0.36
1719,0.51,0.37
1720,0.51,0.38
1721,0.51,0.39
1722,0.51,0.4
1723,0.51,0.41
1724,0.51,0.42
1725,0.51,0.43
1726,0.51,0.44
1727,0.51,0.45
1728,0.51,0.46
1729,0.51,0.47
1730,0.51,0.48
1731,0.51,0.49
1732,0.51,0.5
1733,0.51,0.51
1734,0.51,0.52
1735,0.51,0.53
1736,0.51,0.54
1737,0.51,0.55
1738,0.51,0.56
1739,0.51,0.57
1740,0.51,0.58
1741,0.51,0.59
1742,0.51,0.6
1743,0.51,0.61
1744,0.51,0.62
1745,0.51,0.63
1746,0.51,0.64
1747,0.51,0.65
1748,0.51,0.66
1749,0.51,0.67
1750,0.51,0.68
1751,0.51,0.69
1752,0.51,0.7
1753,0.51,0.71
1754,0.51,0.72
1755,0.51,0.73
1756,0.51,0.74
1757,0.51,0.75
1758,0.51,0.76
1759,0.51,0.77
1760,0.51,0.78
1761,0.51,0.79
1762,0.51,0.8
1763,0.51,0.81
1764,0.51,0.82
1765,0.51,0.83
1766,0.51,0.84
1767,0.51,0.85
1768,0.51,0.86
1769,0.51,0.87
1770,0.51,0.88
1771,0.51,0.89
1772,0.51,0.9
1773,0.51,0.91
1774,0.51,0.92
1775,0.51,0.93
1776,0.51,0.94
1777,0.51,0.95
1778,0.51,0.96
1779,0.51,0.97
1780,0.51,0.98
1781,0.51,0.99
1782,0.52,0.25
1783,0.52,0.28
1784,0.52,0.29
1785,0.52,0.3
1786,0.52,0.31
1787,0.52,0.32
1788,0.52,0.33
1789,0.52,0.34
1790,0.52,0.35
1791,0.52,0.36
1792,0.52,0.37
1793,0.52,0.38
1794,0.52,0.39
1795,0.52,0.4
1796,0.52,0.41
1797,0.52,0.42
1798,0.52,0.43
1799,0.52,0.44
1800,0.52,0.45
1801,0.52,0.46
1802,0.52,0.47
1803,0.52,0.48
1804,0.52,0.49
1805,0.52,0.5
1806,0.52,0.51
1807,0.52,0.52
1808,0.52,0.53
1809,0.52,0.54
1810,0.52,0.55
1811,0.52,0.56
1812,0.52,0.57
1813,0.52,0.58
1814,0.52,0.59
1815,0.52,0.6
1816,0.52,0.61
1817,0.52,0.62
1818,0.52,0.63
1819,0.52,0.64
1820,0.52,0.65
1821,0.52,0.66
1822,0.52,0.67
1823,0.52,0.68
1824,0.52,0.69
1825,0.52,0.7
1826,0.52,0.71
1827,0.52,0.72
1828,0.52,0.73
1829,0.52,0.74
1830,0.52,0.75
1831,0.52,0.76
1832,0.52,0.77
1833,0.52,0.78
1834,0.52,0.79
1835,0.52,0.8
1836,0.52,0.81
1837,0.52,0.82
1838,0.52,0.83
1839,0.52,0.84
1840,0.52,0.85
1841,0.52,0.86
1842,0.52,0.87
1843,0.52,0.88
1844,0.52,0.89
1845,0.52,0.9
1846,0.52,0.91
1847,0.52,0.92
1848,0.52,0.93
1849,0.52,0.94
1850,0.52,0.95
1851,0.52,0.96
1852,0.52,0.97
1853,0.52,0.98
1854,0.52,0.99
1855,0.53,0.22
1856,0.53,0.23
1857,0.53,0.24
1858,0.53,0.26
1859,0.53,0.28
1860,0.53,0.29
1861,0.53,0.3
1862,0.53,0.31
1863,0.53,0.32
1864,0.53,0.33
1865,0.53,0.34
1866,0.53,0.35
1867,0.53,0.36
1868,0.53,0.37
1869,0.53,0.38
1870,0.53,0.39
1871,0.53,0.4
1872,0.53,0.41
1873,0.53,0.42
1874,0.53,0.43
1875,0.53,0.44
1876,0.53,0.45
1877,0.53,0.46
1878,0.53,0.47
1879,0.53,0.48
1880,0.53,0.49
1881,0.53,0.5
1882,0.53,0.51
1883,0.53,0.52
1884,0.53,0.53
1885,0.53,0.54
1886,0.53,0.55
1887,0.53,0.56
1888,0.53,0.57
1889,0.53,0.58
1890,0.53,0.59
1891,0.53,0.6
1892,0.53,0.61
1893,0.53,0.62
1894,0.53,0.63
1895,0.53,0.64
1896,0.53,0.65
1897,0.53,0.66
1898,0.53,0.67
1899,0.53,0.68
1900,0.53,0.69
1901,0.53,0.7
1902,0.53,0.71
1903,0.53,0.72
1904,0.53,0.73
1905,0.53,0.74
1906,0.53,0.75
1907,0.53,0.76
1908,0.53,0.77
1909,0.53,0.78
1910,0.53,0.79
1911,0.53,0.8
1912,0.53,0.81
1913,0.53,0.82
1914,0.53,0.83
1915,0.53,0.84
1916,0.53,0.85
1917,0.53,0.86
1918,0.53,0.87
1919,0.53,0.88
1920,0.53,0.89
1921,0.53,0.9
1922,0.53,0.91
1923,0.53,0.92
1924,0.53,0.93
1925,0.53,0.94
1926,0.53,0.95
1927,0.53,0.96
1928,0.53,0.97
1929,0.53,0.98
1930,0.53,0.99
1931,0.54,0.24
1932,0.54,0.25
1933,0.54,0.26
1934,0.54,0.27
1935,0.54,0.28
1936,0.54,0.29
1937,0.54,0.3
1938,0.54,0.31
1939,0.54,0.32
1940,0.54,0.33
1941,0.54,0.34
1942,0.54,0.35
1943,0.54,0.36
1944,0.54,0.37
1945,0.54,0.38
1946,0.54,0.39
1947,0.54,0.4
1948,0.54,0.41
1949,0.54,0.42
1950,0.54,0.43
1951,0.54,0.44
1952,0.54,0.45
1953,0.54,0.46
1954,0.54,0.47
1955,0.54,0.48
1956,0.54,0.49
1957,0.54,0.5
1958,0.54,0.51
1959,0.54,0.52
1960,0.54,0.53
1961,0.54,0.54
1962,0.54,0.55
1963,0.54,0.56
1964,0.54,0.57
1965,0.54,0.58
1966,0.54,0.59
1967,0.54,0.6
1968,0.54,0.61
1969,0.54,0.62
1970,0.54,0.63
1971,0.54,0.64
1972,0.54,0.65
1973,0.54,0.66
1974,0.54,0.67
1975,0.54,0.68
1976,0.54,0.69
1977,0.54,0.7
1978,0.54,0.71
1979,0.54,0.72
1980,0.54,0.73
1981,0.54,0.74
1982,0.54,0.75
1983,0.54,0.76
1984,0.54,0.77
1985,0.54,0.78
1986,0.54,0.79
1987,0.54,0.8
1988,0.54,0.81
1989,0.54,0.82
1990,0.54,0.83
1991,0.54,0.84
1992,0.54,0.85
1993,0.54,0.86
1994,0.54,0.87
1995,0.54,0.88
1996,0.54,0.89
1997,0.54,0.9
1998,0.54,0.91
1999,0.54,0.92
2000,0.54,0.93
2001,0.54,0.94
2002,0.54,0.95
2003,0.54,0.96
2004,0.54,0.97
2005,0.54,0.98
2006,0.54,0.99
2007,0.55,0.2
2008,0.55,0.24
2009,0.55,0.25
2010,0.55,0.26
2011,0.55,0.27
2012,0.55,0.28
2013,0.55,0.29
2014,0.55,0.3
2015,0.55,0.31
2016,0.55,0.32
2017,0.55,0.33
2018,0.55,0.34
2019,0.55,0.35
2020,0.55,0.36
2021,0.55,0.37
2022,0.55,0.38
2023,0.55,0.39
2024,0.55,0.4
2025,0.55,0.41
2026,0.55,0.42
2027,0.55,0.43
2028,0.55,0.44
2029,0.55,0.45
2030,0.55,0.46
2031,0.55,0.47
2032,0.55,0.48
2033,0.55,0.49
2034,0.55,0.5
2035,0.55,0.51
2036,0.55,0.52
2037,0.55,0.53
2038,0.55,0.54
2039,0.55,0.55
2040,0.55,0.56
2041,0.55,0.57
2042,0.55,0.58
2043,0.55,0.59
2044,0.55,0.6
2045,0.55,0.61
2046,0.55,0.62
2047,0.55,0.63
2048,0.55,0.64
2049,0.55,0.65
2050,0.55,0.66
2051,0.55,0.67
2052,0.55,0.68
2053,0.55,0.69
2054,0.55,0.7
2055,0.55,0.71
2056,0.55,0.72
2057,0.55,0.73
2058,0.55,0.74
2059,0.55,0.75
2060,0.55,0.76
2061,0.55,0.77
2062,0.55,0.78
2063,0.55,0.79
2064,0.55,0.8
2065,0.55,0.81
2066,0.55,0.82
2067,0.55,0.83
2068,0.55,0.84
2069,0.55,0.85
2070,0.55,0.86
2071,0.55,0.87
2072,0.55,0.88
2073,0.55,0.89
2074,0.55,0.9
2075,0.55,0.91
2076,0.55,0.92
2077,0.55,0.93
2078,0.55,0.94
2079,0.55,0.95
2080,0.55,0.96
2081,0.55,0.97
2082,0.55,0.98
2083,0.55,0.99
2084,0.56,0.24
2085,0.56,0.25
2086,0.56,0.26
2087,0.56,0.27
2088,0.56,0.28
2089,0.56,0.29
2090,0.56,0.3
2091,0.56,0.31
2092,0.56,0.32
2093,0.56,0.33
2094,0.56,0.34
2095,0.56,0.35
2096,0.56,0.36
2097,0.56,0.37
2098,0.56,0.38
2099,0.56,0.39
2100,0.56,0.4
2101,0.56,0.41
2102,0.56,0.42
2103,0.56,0.43
2104,0.56,0.44
2105,0.56,0.45
2106,0.56,0.46
2107,0.56,0.47
2108,0.56,0.48
2109,0.56,0.49
2110,0.56,0.5
2111,0.56,0.51
2112,0.56,0.52
2113,0.56,0.53
2114,0.56,0.54
2115,0.56,0.55
2116,0.56,0.56
2117,0.56,0.57
2118,0.56,0.58
2119,0.56,0.59
2120,0.56,0.6
2121,0.56,0.61
2122,0.56,0.62
2123,0.56,0.63
2124,0.56,0.64
2125,0.56,0.65
2126,0.56,0.66
2127,0.56,0.67
2128,0.56,0.68
2129,0.56,0.69
2130,0.56,0.7
2131,0.56,0.71
2132,0.56,0.72
2133,0.56,0.73
2134,0.56,0.74
2135,0.56,0.75
2136,0.56,0.76
2137,0.56,0.77
2138,0.56,0.78
2139,0.56,0.79
2140,0.56,0.8
2141,0.56,0.81
2142,0.56,0.82
2143,0.56,0.83
2144,0.56,0.84
2145,0.56,0.85
2146,0.56,0.86
2147,0.56,0.87
2148,0.56,0.88
2149,0.56,0.89
2150,0.56,0.9
2151,0.56,0.91
2152,0.56,0.92
2153,0.56,0.93
2154,0.56,0.94
2155,0.56,0.95
2156,0.56,0.96
2157,0.56,0.97
2158,0.56,0.98
2159,0.56,0.99
2160,0.57,0.24
2161,0.57,0.25
2162,0.57,0.26
2163,0.57,0.27
2164,0.57,0.28
2165,0.57,0.29
2166,0.57,0.3
2167,0.57,0.31
2168,0.57,0.32
2169,0.57,0.33
2170,0.57,0.34
2171,0.57,0.35
2172,0.57,0.36
2173,0.57,0.37
2174,0.57,0.38
2175,0.57,0.39
2176,0.57,0.4
2177,0.57,0.41
2178,0.57,0.42
2179,0.57,0.43
2180,0.57,0.44
2181,0.57,0.45
2182,0.57,0.46
2183,0.57,0.47
2184,0.57,0.48
2185,0.57,0.49
2186,0.57,0.5
2187,0.57,0.51
2188,0.57,0.52
2189,0.57,0.53
2190,0.57,0.54
2191,0.57,0.55
2192,0.57,0.56
2193,0.57,0.57
2194,0.57,0.58
2195,0.57,0.59
2196,0.57,0.6
2197,0.57,0.61
2198,0.57,0.62
2199,0.57,0.63
2200,0.57,0.64
2201,0.57,0.65
2202,0.57,0.66
2203,0.57,0.67
2204,0.57,0.68
2205,0.57,0.69
2206,0.57,0.7
2207,0.57,0.71
2208,0.57,0.72
2209,0.57,0.73
2210,0.57,0.74
2211,0.57,0.75
2212,0.57,0.76
2213,0.57,0.77
2214,0.57,0.78
2215,0.57,0.79
2216,0.57,0.8
2217,0.57,0.81
2218,0.57,0.82
2219,0.57,0.83
2220,0.57,0.84
2221,0.57,0.85
2222,0.57,0.86
2223,0.57,0.87
2224,0.57,0.88
2225,0.57,0.89
2226,0.57,0.9
2227,0.57,0.91
2228,0.57,0.92
2229,0.57,0.93
2230,0.57,0.94
2231,0.57,0.95
2232,0.57,0.96
2233,0.57,0.97
2234,0.57,0.98
2235,0.57,0.99
2236,0.58,0.2
2237,0.58,0.21
2238,0.58,0.22
2239,0.58,0.24
2240,0.58,0.25
2241,0.58,0.26
2242,0.58,0.27
2243,0.58,0.28
2244,0.58,0.29
2245,0.58,0.3
2246,0.58,0.31
2247,0.58,0.32
2248,0.58,0.33
2249,0.58,0.34
2250,0.58,0.35
2251,0.58,0.36
2252,0.58,0.37
2253,0.58,0.38
2254,0.58,0.39
2255,0.58,0.4
2256,0.58,0.41
2257,0.58,0.42
2258,0.58,0.43
2259,0.58,0.44
2260,0.58,0.45
2261,0.58,0.46
2262,0.58,0.47
2263,0.58,0.48
2264,0.58,0.49
2265,0.58,0.5
2266,0.58,0.51
2267,0.58,0.52
2268,0.58,0.53
2269,0.58,0.54
2270,0.58,0.55
2271,0.58,0.56
2272,0.58,0.57
2273,0.58,0.58
2274,0.58,0.59
2275,0.58,0.6
2276,0.58,0.61
2277,0.58,0.62
2278,0.58,0.63
2279,0.58,0.64
2280,0.58,0.65
2281,0.58,0.66
2282,0.58,0.67
2283,0.58,0.68
2284,0.58,0.69
2285,0.58,0.7
2286,0.58,0.71
2287,0.58,0.72
2288,0.58,0.73
2289,0.58,0.74
2290,0.58,0.75
2291,0.58,0.76
2292,0.58,0.77
2293,0.58,0.78
2294,0.58,0.79
2295,0.58,0.8
2296,0.58,0.81
2297,0.58,0.82
2298,0.58,0.83
2299,0.58,0.84
2300,0.58,0.85
2301,0.58,0.86
2302,0.58,0.87
2303,0.58,0.88
2304,0.58,0.89
2305,0.58,0.9
2306,0.58,0.91
2307,0.58,0.92
2308,0.58,0.93
2309,0.58,0.94
2310,0.58,0.95
2311,0.58,0.96
2312,0.58,0.97
2313,0.58,0.98
2314,0.58,0.99
2315,0.59,0.2
2316,0.59,0.21
2317,0.59,0.22
2318,0.59,0.23
2319,0.59,0.24
2320,0.59,0.25
2321,0.59,0.26
2322,0.59,0.27
2323,0.59,0.28
2324,0.59,0.29
2325,0.59,0.3
2326,0.59,0.31
2327,0.59,0.32
2328,0.59,0.33
2329,0.59,0.34
2330,0.59,0.35
2331,0.59,0.36
2332,0.59,0.37
2333,0.59,0.38
2334,0.59,0.39
2335,0.59,0.4
2336,0.59,0.41
2337,0.59,0.42
2338,0.59,0.43
2339,0.59,0.44
2340,0.59,0.45
2341,0.59,0.46
2342,0.59,0.47
2343,0.59,0.48
2344,0.59,0.49
2345,0.59,0.5
2346,0.59,0.51
2347,0.59,0.52
2348,0.59,0.53
2349,0.59,0.54
2350,0.59,0.55
2351,0.59,0.56
2352,0.59,0.57
2353,0.59,0.58
2354,0.59,0.59
2355,0.59,0.6
2356,0.59,0.61
2357,0.59,0.62
2358,0.59,0.63
2359,0.59,0.64
2360,0.59,0.65
2361,0.59,0.66
2362,0.59,0.67
2363,0.59,0.68
2364,0.59,0.69
2365,0.59,0.7
2366,0.59,0.71
2367,0.59,0.72
2368,0.59,0.73
2369,0.59,0.74
2370,0.59,0.75
2371,0.59,0.76
2372,0.59,0.77
2373,0.59,0.78
2374,0.59,0.79
2375,0.59,0.8
2376,0.59,0.81
2377,0.59,0.82
2378,0.59,0.83
2379,0.59,0.84
2380,0.59,0.85
2381,0.59,0.86
2382,0.59,0.87
2383,0.59,0.88
2384,0.59,0.89
2385,0.59,0.9
2386,0.59,0.91
2387,0.59,0.92
2388,0.59,0.93
2389,0.59,0.94
2390,0.59,0.95
2391,0.59,0.96
2392,0.59,0.97
2393,0.59,0.98
2394,0.59,0.99
2395,0.6,0.2
2396,0.6,0.21
2397,0.6,0.24
2398,0.6,0.25
2399,0.6,0.26
2400,0.6,0.27
2401,0.6,0.28
2402,0.6,0.29
2403,0.6,0.3
2404,0.6,0.31
2405,0.6,0.32
2406,0.6,0.33
2407,0.6,0.34
2408,0.6,0.35
2409,0.6,0.36
2410,0.6,0.37
2411,0.6,0.38
2412,0.6,0.39
2413,0.6,0.4
2414,0.6,0.41
2415,0.6,0.42
2416,0.6,0.43
2417,0.6,0.44
2418,0.6,0.45
2419,0.6,0.46
2420,0.6,0.47
2421,0.6,0.48
2422,0.6,0.49
2423,0.6,0.5
2424,0.6,0.51
2425,0.6,0.52
2426,0.6,0.53
2427,0.6,0.54
2428,0.6,0.55
2429,0.6,0.56
2430,0.6,0.57
2431,0.6,0.58
2432,0.6,0.59
2433,0.6,0.6
2434,0.6,0.61
2435,0.6,0.62
2436,0.6,0.63
2437,0.6,0.64
2438,0.6,0.65
2439,0.6,0.66
2440,0.6,0.67
2441,0.6,0.68
2442,0.6,0.69
2443,0.6,0.7
2444,0.6,0.71
2445,0.6,0.72
2446,0.6,0.73
2447,0.6,0.74
2448,0.6,0.75
2449,0.6,0.76
2450,0.6,0.77
2451,0.6,0.78
2452,0.6,0.79
2453,0.6,0.8
2454,0.6,0.81
2455,0.6,0.82
2456,0.6,0.83
2457,0.6,0.84
2458,0.6,0.85
2459,0.6,0.86
2460,0.6,0.87
2461,0.6,0.88
2462,0.6,0.89
2463,0.6,0.9
2464,0.6,0.91
2465,0.6,0.92
2466,0.6,0.93
2467,0.6,0.94
2468,0.6,0.95
2469,0.6,0.96
2470,0.6,0.97
2471,0.6,0.98
2472,0.6,0.99
2473,0.61,0.21
2474,0.61,0.24
2475,0.61,0.25
2476,0.61,0.26
2477,0.61,0.27
2478,0.61,0.28
2479,0.61,0.29
2480,0.61,0.3
2481,0.61,0.31
2482,0.61,0.32
2483,0.61,0.33
2484,0.61,0.34
2485,0.61,0.35
2486,0.61,0.36
2487,0.61,0.37
2488,0.61,0.38
2489,0.61,0.39
2490,0.61,0.4
2491,0.61,0.41
2492,0.61,0.42
2493,0.61,0.43
2494,0.61,0.44
2495,0.61,0.45
2496,0.61,0.46
2497,0.61,0.47
2498,0.61,0.48
2499,0.61,0.49
2500,0.61,0.5
2501,0.61,0.51
2502,0.61,0.52
2503,0.61,0.53
2504,0.61,0.54
2505,0.61,0.55
2506,0.61,0.56
2507,0.61,0.57
2508,0.61,0.58
2509,0.61,0.59
2510,0.61,0.6
2511,0.61,0.61
2512,0.61,0.62
2513,0.61,0.63
2514,0.61,0.64
2515,0.61,0.65
2516,0.61,0.66
2517,0.61,0.67
2518,0.61,0.68
2519,0.61,0.69
2520,0.61,0.7
2521,0.61,0.71
2522,0.61,0.72
2523,0.61,0.73
2524,0.61,0.74
2525,0.61,0.75
2526,0.61,0.76
2527,0.61,0.77
2528,0.61,0.78
2529,0.61,0.79
2530,0.61,0.8
2531,0.61,0.81
2532,0.61,0.82
2533,0.61,0.83
2534,0.61,0.84
2535,0.61,0.85
2536,0.61,0.86
2537,0.61,0.87
2538,0.61,0.88
2539,0.61,0.89
2540,0.61,0.9
2541,0.61,0.91
2542,0.61,0.92
2543,0.61,0.93
2544,0.61,0.94
2545,0.61,0.95
2546,0.61,0.96
2547,0.61,0.97
2548,0.61,0.98
2549,0.61,0.99
2550,0.62,0.2
2551,0.62,0.22
2552,0.62,0.23
2553,0.62,0.24
2554,0.62,0.25
2555,0.62,0.26
2556,0.62,0.27
2557,0.62,0.28
2558,0.62,0.29
2559,0.62,0.3
2560,0.62,0.31
2561,0.62,0.32
2562,0.62,0.33
2563,0.62,0.34
2564,0.62,0.35
2565,0.62,0.36
2566,0.62,0.37
2567,0.62,0.38
2568,0.62,0.39
2569,0.62,0.4
2570,0.62,0.41
2571,0.62,0.42
2572,0.62,0.43
2573,0.62,0.44
2574,0.62,0.45
2575,0.62,0.46
2576,0.62,0.47
2577,0.62,0.48
2578,0.62,0.49
2579,0.62,0.5
2580,0.62,0.51
2581,0.62,0.52
2582,0.62,0.53
2583,0.62,0.54
2584,0.62,0.55
2585,0.62,0.56
2586,0.62,0.57
2587,0.62,0.58
2588,0.62,0.59
2589,0.62,0.6
2590,0.62,0.61
2591,0.62,0.62
2592,0.62,0.63
2593,0.62,0.64
2594,0.62,0.65
2595,0.62,0.66
2596,0.62,0.67
2597,0.62,0.68
2598,0.62,0.69
2599,0.62,0.7
2600,0.62,0.71
2601,0.62,0.72
2602,0.62,0.73
2603,0.62,0.74
2604,0.62,0.75
2605,0.62,0.76
2606,0.62,0.77
2607,0.62,0.78
2608,0.62,0.79
2609,0.62,0.8
2610,0.62,0.81
2611,0.62,0.82
2612,0.62,0.83
2613,0.62,0.84
2614,0.62,0.85
2615,0.62,0.86
2616,0.62,0.87
2617,0.62,0.88
2618,0.62,0.89
2619,0.62,0.9
2620,0.62,0.91
2621,0.62,0.92
2622,0.62,0.93
2623,0.62,0.94
2624,0.62,0.95
2625,0.62,0.96
2626,0.62,0.97
2627,0.62,0.98
2628,0.62,0.99
2629,0.63,0.2
2630,0.63,0.21
2631,0.63,0.22
2632,0.63,0.23
2633,0.63,0.24
2634,0.63,0.25
2635,0.63,0.26
2636,0.63,0.27
2637,0.63,0.28
2638,0.63,0.29
2639,0.63,0.3
2640,0.63,0.31
2641,0.63,0.32
2642,0.63,0.33
2643,0.63,0.34
2644,0.63,0.35
2645,0.63,0.36
2646,0.63,0.37
2647,0.63,0.38
2648,0.63,0.39
2649,0.63,0.4
2650,0.63,0.41
2651,0.63,0.42
2652,0.63,0.43
2653,0.63,0.44
2654,0.63,0.45
2655,0.63,0.46
2656,0.63,0.47
2657,0.63,0.48
2658,0.63,0.49
2659,0.63,0.5
2660,0.63,0.51
2661,0.63,0.52
2662,0.63,0.53
2663,0.63,0.54
2664,0.63,0.55
2665,0.63,0.56
2666,0.63,0.57
2667,0.63,0.58
2668,0.63,0.59
2669,0.63,0.6
2670,0.63,0.61
2671,0.63,0.62
2672,0.63,0.63
2673,0.63,0.64
2674,0.63,0.65
2675,0.63,0.66
2676,0.63,0.67
2677,0.63,0.68
2678,0.63,0.69
2679,0.63,0.7
2680,0.63,0.71
2681,0.63,0.72
2682,0.63,0.73
2683,0.63,0.74
2684,0.63,0.75
2685,0.63,0.76
2686,0.63,0.77
2687,0.63,0.78
2688,0.63,0.79
2689,0.63,0.8
2690,0.63,0.81
2691,0.63,0.82
2692,0.63,0.83
2693,0.63,0.84
2694,0.63,0.85
2695,0.63,0.86
2696,0.63,0.87
2697,0.63,0.88
2698,0.63,0.89
2699,0.63,0.9
2700,0.63,0.91
2701,0.63,0.92
2702,0.63,0.93
2703,0.63,0.94
2704,0.63,0.95
2705,0.63,0.96
2706,0.63,0.97
2707,0.63,0.98
2708,0.63,0.99
2709,0.64,0.2
2710,0.64,0.21
2711,0.64,0.22
2712,0.64,0.23
2713,0.64,0.24
2714,0.64,0.25
2715,0.64,0.26
2716,0.64,0.27
2717,0.64,0.28
2718,0.64,0.29
2719,0.64,0.3
2720,0.64,0.31
2721,0.64,0.32
2722,0.64,0.33
2723,0.64,0.34
2724,0.64,0.35
2725,0.64,0.36
2726,0.64,0.37
2727,0.64,0.38
2728,0.64,0.39
2729,0.64,0.4
2730,0.64,0.41
2731,0.64,0.42
2732,0.64,0.43
2733,0.64,0.44
2734,0.64,0.45
2735,0.64,0.46
2736,0.64,0.47
2737,0.64,0.48
2738,0.64,0.49
2739,0.64,0.5
2740,0.64,0.51
2741,0.64,0.52
2742,0.64,0.53
2743,0.64,0.54
2744,0.64,0.55
2745,0.64,0.56
2746,0.64,0.57
2747,0.64,0.58
2748,0.64,0.59
2749,0.64,0.6
2750,0.64,0.61
2751,0.64,0.62
2752,0.64,0.63
2753,0.64,0.64
2754,0.64,0.65
2755,0.64,0.66
2756,0.64,0.67
2757,0.64,0.68
2758,0.64,0.69
2759,0.64,0.7
2760,0.64,0.71
2761,0.64,0.72
2762,0.64,0.73
2763,0.64,0.74
2764,0.64,0.75
2765,0.64,0.76
2766,0.64,0.77
2767,0.64,0.78
2768,0.64,0.79
2769,0.64,0.8
2770,0.64,0.81
2771,0.64,0.82
2772,0.64,0.83
2773,0.64,0.84
2774,0.64,0.85
2775,0.64,0.86
2776,0.64,0.87
2777,0.64,0.88
2778,0.64,0.89
2779,0.64,0.9
2780,0.64,0.91
2781,0.64,0.92
2782,0.64,0.93
2783,0.64,0.94
2784,0.64,0.95
2785,0.64,0.96
2786,0.64,0.97
2787,0.64,0.98
2788,0.64,0.99
2789,0.65,0.21
2790,0.65,0.22
2791,0.65,0.24
2792,0.65,0.25
2793,0.65,0.26
2794,0.65,0.27
2795,0.65,0.28
2796,0.65,0.29
2797,0.65,0.3
2798,0.65,0.31
2799,0.65,0.32
2800,0.65,0.33
2801,0.65,0.34
2802,0.65,0.35
2803,0.65,0.36
2804,0.65,0.37
2805,0.65,0.38
2806,0.65,0.39
2807,0.65,0.4
2808,0.65,0.41
2809,0.65,0.42
2810,0.65,0.43
2811,0.65,0.44
2812,0.65,0.45
2813,0.65,0.46
2814,0.65,0.47
2815,0.65,0.48
2816,0.65,0.49
2817,0.65,0.5
2818,0.65,0.51
2819,0.65,0.52
2820,0.65,0.53
2821,0.65,0.54
2822,0.65,0.55
2823,0.65,0.56
2824,0.65,0.57
2825,0.65,0.58
2826,0.65,0.59
2827,0.65,0.6
2828,0.65,0.61
2829,0.65,0.62
2830,0.65,0.63
2831,0.65,0.64
2832,0.65,0.65
2833,0.65,0.66
2834,0.65,0.67
2835,0.65,0.68
2836,0.65,0.69
2837,0.65,0.7
2838,0.65,0.71
2839,0.65,0.72
2840,0.65,0.73
2841,0.65,0.74
2842,0.65,0.75
2843,0.65,0.76
2844,0.65,0.77
2845,0.65,0.78
2846,0.65,0.79
2847,0.65,0.8
2848,0.65,0.81
2849,0.65,0.82
2850,0.65,0.83
2851,0.65,0.84
2852,0.65,0.85
2853,0.65,0.86
2854,0.65,0.87
2855,0.65,0.88
2856,0.65,0.89
2857,0.65,0.9
2858,0.65,0.91
2859,0.65,0.92
2860,0.65,0.93
2861,0.65,0.94
2862,0.65,0.95
2863,0.65,0.96
2864,0.65,0.97
2865,0.65,0.98
2866,0.65,0.99
2867,0.66,0.2
2868,0.66,0.21
2869,0.66,0.22
2870,0.66,0.23
2871,0.66,0.24
2872,0.66,0.25
2873,0.66,0.26
2874,0.66,0.27
2875,0.66,0.28
2876,0.66,0.29
2877,0.66,0.3
2878,0.66,0.31
2879,0.66,0.32
2880,0.66,0.33
2881,0.66,0.34
2882,0.66,0.35
2883,0.66,0.36
2884,0.66,0.37
2885,0.66,0.38
2886,0.66,0.39
2887,0.66,0.4
2888,0.66,0.41
2889,0.66,0.42
2890,0.66,0.43
2891,0.66,0.44
2892,0.66,0.45
2893,0.66,0.46
2894,0.66,0.47
2895,0.66,0.48
2896,0.66,0.49
2897,0.66,0.5
2898,0.66,0.51
2899,0.66,0.52
2900,0.66,0.53
2901,0.66,0.54
2902,0.66,0.55
2903,0.66,0.56
2904,0.66,0.57
2905,0.66,0.58
2906,0.66,0.59
2907,0.66,0.6
2908,0.66,0.61
2909,0.66,0.62
2910,0.66,0.63
2911,0.66,0.64
2912,0.66,0.65
2913,0.66,0.66
2914,0.66,0.67
2915,0.66,0.68
2916,0.66,0.69
2917,0.66,0.7
2918,0.66,0.71
2919,0.66,0.72
2920,0.66,0.73
2921,0.66,0.74
2922,0.66,0.75
2923,0.66,0.76
2924,0.66,0.77
2925,0.66,0.78
2926,0.66,0.79
2927,0.66,0.8
2928,0.66,0.81
2929,0.66,0.82
2930,0.66,0.83
2931,0.66,0.84
2932,0.66,0.85
2933,0.66,0.86
2934,0.66,0.87
2935,0.66,0.88
2936,0.66,0.89
2937,0.66,0.9
2938,0.66,0.91
2939,0.66,0.92
2940,0.66,0.93
2941,0.66,0.94
2942,0.66,0.95
2943,0.66,0.96
2944,0.66,0.97
2945,0.66,0.98
2946,0.66,0.99
2947,0.67,0.2
2948,0.67,0.21
2949,0.67,0.22
2950,0.67,0.23
2951,0.67,0.24
2952,0.67,0.25
2953,0.67,0.26
2954,0.67,0.27
2955,0.67,0.28
2956,0.67,0.29
2957,0.67,0.3
2958,0.67,0.31
2959,0.67,0.32
2960,0.67,0.33
2961,0.67,0.34
2962,0.67,0.35
2963,0.67,0.36
2964,0.67,0.37
2965,0.67,0.38
2966,0.67,0.39
2967,0.67,0.4
2968,0.67,0.41
2969,0.67,0.42
2970,0.67,0.43
2971,0.67,0.44
2972,0.67,0.45
2973,0.67,0.46
2974,0.67,0.47
2975,0.67,0.48
2976,0.67,0.49
2977,0.67,0.5
2978,0.67,0.51
2979,0.67,0.52
2980,0.67,0.53
2981,0.67,0.54
2982,0.67,0.55
2983,0.67,0.56
2984,0.67,0.57
2985,0.67,0.58
2986,0.67,0.59
2987,0.67,0.6
2988,0.67,0.61
2989,0.67,0.62
2990,0.67,0.63
2991,0.67,0.64
2992,0.67,0.65
2993,0.67,0.66
2994,0.67,0.67
2995,0.67,0.68
2996,0.67,0.69
2997,0.67,0.7
2998,0.67,0.71
2999,0.67,0.72
3000,0.67,0.73
3001,0.67,0.74
3002,0.67,0.75
3003,0.67,0.76
3004,0.67,0.77
3005,0.67,0.78
3006,0.67,0.79
3007,0.67,0.8
3008,0.67,0.81
3009,0.67,0.82
3010,0.67,0.83
3011,0.67,0.84
3012,0.67,0.85
3013,0.67,0.86
3014,0.67,0.87
3015,0.67,0.88
3016,0.67,0.89
3017,0.67,0.9
3018,0.67,0.91
3019,0.67,0.92
3020,0.67,0.93
3021,0.67,0.94
3022,0.67,0.95
3023,0.67,0.96
3024,0.67,0.97
3025,0.67,0.98
3026,0.67,0.99
3027,0.68,0.2
3028,0.68,0.21
3029,0.68,0.22
3030,0.68,0.23
3031,0.68,0.24
3032,0.68,0.25
3033,0.68,0.26
3034,0.68,0.27
3035,0.68,0.28
3036,0.68,0.29
3037,0.68,0.3
3038,0.68,0.31
3039,0.68,0.32
3040,0.68,0.33
3041,0.68,0.34
3042,0.68,0.35
3043,0.68,0.36
3044,0.68,0.37
3045,0.68,0.38
3046,0.68,0.39
3047,0.68,0.4
3048,0.68,0.41
3049,0.68,0.42
3050,0.68,0.43
3051,0.68,0.44
3052,0.68,0.45
3053,0.68,0.46
3054,0.68,0.47
3055,0.68,0.48
3056,0.68,0.49
3057,0.68,0.5
3058,0.68,0.51
3059,0.68,0.52
3060,0.68,0.53
3061,0.68,0.54
3062,0.68,0.55
3063,0.68,0.56
3064,0.68,0.57
3065,0.68,0.58
3066,0.68,0.59
3067,0.68,0.6
3068,0.68,0.61
3069,0.68,0.62
3070,0.68,0.63
3071,0.68,0.64
3072,0.68,0.65
3073,0.68,0.66
3074,0.68,0.67
3075,0.68,0.68
3076,0.68,0.69
3077,0.68,0.7
3078,0.68,0.71
3079,0.68,0.72
3080,0.68,0.73
3081,0.68,0.74
3082,0.68,0.75
3083,0.68,0.76
3084,0.68,0.77
3085,0.68,0.78
3086,0.68,0.79
3087,0.68,0.8
3088,0.68,0.81
3089,0.68,0.82
3090,0.68,0.83
3091,0.68,0.84
3092,0.68,0.85
3093,0.68,0.86
3094,0.68,0.87
3095,0.68,0.88
3096,0.68,0.89
3097,0.68,0.9
3098,0.68,0.91
3099,0.68,0.92
3100,0.68,0.93
3101,0.68,0.94
3102,0.68,0.95
3103,0.68,0.96
3104,0.68,0.97
3105,0.68,0.98
3106,0.68,0.99
3107,0.69,0.2
3108,0.69,0.21
3109,0.69,0.22
3110,0.69,0.23
3111,0.69,0.24
3112,0.69,0.25
3113,0.69,0.26
3114,0.69,0.27
3115,0.69,0.28
3116,0.69,0.29
3117,0.69,0.3
3118,0.69,0.31
3119,0.69,0.32
3120,0.69,0.33
3121,0.69,0.34
3122,0.69,0.35
3123,0.69,0.36
3124,0.69,0.37
3125,0.69,0.38
3126,0.69,0.39
3127,0.69,0.4
3128,0.69,0.41
3129,0.69,0.42
3130,0.69,0.43
3131,0.69,0.44
3132,0.69,0.45
3133,0.69,0.46
3134,0.69,0.47
3135,0.69,0.48
3136,0.69,0.49
3137,0.69,0.5
3138,0.69,0.51
3139,0.69,0.52
3140,0.69,0.53
3141,0.69,0.54
3142,0.69,0.55
3143,0.69,0.56
3144,0.69,0.57
3145,0.69,0.58
3146,0.69,0.59
3147,0.69,0.6
3148,0.69,0.61
3149,0.69,0.62
3150,0.69,0.63
3151,0.69,0.64
3152,0.69,0.65
3153,0.69,0.66
3154,0.69,0.67
3155,0.69,0.68
3156,0.69,0.69
3157,0.69,0.7
3158,0.69,0.71
3159,0.69,0.72
3160,0.69,0.73
3161,0.69,0.74
3162,0.69,0.75
3163,0.69,0.76
3164,0.69,0.77
3165,0.69,0.78
3166,0.69,0.79
3167,0.69,0.8
3168,0.69,0.81
3169,0.69,0.82
3170,0.69,0.83
3171,0.69,0.84
3172,0.69,0.85
3173,0.69,0.86
3174,0.69,0.87
3175,0.69,0.88
3176,0.69,0.89
3177,0.69,0.9
3178,0.69,0.91
3179,0.69,0.92
3180,0.69,0.93
3181,0.69,0.94
3182,0.69,0.95
3183,0.69,0.97
3184,0.69,0.99
3185,0.7,0.2
3186,0.7,0.21
3187,0.7,0.22
3188,0.7,0.23
3189,0.7,0.24
3190,0.7,0.25
3191,0.7,0.26
3192,0.7,0.27
3193,0.7,0.28
3194,0.7,0.29
3195,0.7,0.3
3196,0.7,0.31
3197,0.7,0.32
3198,0.7,0.33
3199,0.7,0.34
3200,0.7,0.35
3201,0.7,0.36
3202,0.7,0.37
3203,0.7,0.38
3204,0.7,0.39
3205,0.7,0.4
3206,0.7,0.41
3207,0.7,0.42
3208,0.7,0.43
3209,0.7,0.44
3210,0.7,0.45
3211,0.7,0.46
3212,0.7,0.47
3213,0.7,0.48
3214,0.7,0.49
3215,0.7,0.5
3216,0.7,0.51
3217,0.7,0.52
3218,0.7,0.53
3219,0.7,0.54
3220,0.7,0.55
3221,0.7,0.56
3222,0.7,0.57
3223,0.7,0.58
3224,0.7,0.59
3225,0.7,0.6
3226,0.7,0.61
3227,0.7,0.62
3228,0.7,0.63
3229,0.7,0.64
3230,0.7,0.65
3231,0.7,0.66
3232,0.7,0.67
3233,0.7,0.68
3234,0.7,0.69
3235,0.7,0.7
3236,0.7,0.71
3237,0.7,0.72
3238,0.7,0.73
3239,0.7,0.74
3240,0.7,0.75
3241,0.7,0.76
3242,0.7,0.77
3243,0.7,0.78
3244,0.7,0.79
3245,0.7,0.8
3246,0.7,0.81
3247,0.7,0.82
3248,0.7,0.83
3249,0.7,0.84
3250,0.7,0.85
3251,0.7,0.86
3252,0.7,0.87
3253,0.7,0.88
3254,0.7,0.89
3255,0.7,0.9
3256,0.7,0.91
3257,0.7,0.92
3258,0.7,0.93
3259,0.7,0.96
3260,0.7,0.98
3261,0.7,0.99
3262,0.71,0.21
3263,0.71,0.22
3264,0.71,0.23
3265,0.71,0.24
3266,0.71,0.25
3267,0.71,0.26
3268,0.71,0.27
3269,0.71,0.28
3270,0.71,0.29
3271,0.71,0.3
3272,0.71,0.31
3273,0.71,0.32
3274,0.71,0.33
3275,0.71,0.34
3276,0.71,0.35
3277,0.71,0.36
3278,0.71,0.37
3279,0.71,0.38
3280,0.71,0.39
3281,0.71,0.4
3282,0.71,0.41
3283,0.71,0.42
3284,0.71,0.43
3285,0.71,0.44
3286,0.71,0.45
3287,0.71,0.46
3288,0.71,0.47
3289,0.71,0.48
3290,0.71,0.49
3291,0.71,0.5
3292,0.71,0.51
3293,0.71,0.52
3294,0.71,0.53
3295,0.71,0.54
3296,0.71,0.55
3297,0.71,0.56
3298,0.71,0.57
3299,0.71,0.58
3300,0.71,0.59
3301,0.71,0.6
3302,0.71,0.61
3303,0.71,0.62
3304,0.71,0.63
3305,0.71,0.64
3306,0.71,0.65
3307,0.71,0.66
3308,0.71,0.67
3309,0.71,0.68
3310,0.71,0.69
3311,0.71,0.7
3312,0.71,0.71
3313,0.71,0.72
3314,0.71,0.73
3315,0.71,0.74
3316,0.71,0.75
3317,0.71,0.76
3318,0.71,0.77
3319,0.71,0.78
3320,0.71,0.79
3321,0.71,0.8
3322,0.71,0.81
3323,0.71,0.82
3324,0.71,0.83
3325,0.71,0.84
3326,0.71,0.85
3327,0.71,0.86
3328,0.71,0.87
3329,0.71,0.89
3330,0.71,0.9
3331,0.71,0.91
3332,0.71,0.92
3333,0.71,0.93
3334,0.71,0.94
3335,0.71,0.96
3336,0.71,0.97
3337,0.71,0.98
3338,0.72,0.2
3339,0.72,0.21
3340,0.72,0.22
3341,0.72,0.23
3342,0.72,0.25
3343,0.72,0.26
3344,0.72,0.27
3345,0.72,0.28
3346,0.72,0.29
3347,0.72,0.3
3348,0.72,0.31
3349,0.72,0.32
3350,0.72,0.33
3351,0.72,0.34
3352,0.72,0.35
3353,0.72,0.36
3354,0.72,0.37
3355,0.72,0.38
3356,0.72,0.39
3357,0.72,0.4
3358,0.72,0.41
3359,0.72,0.42
3360,0.72,0.43
3361,0.72,0.44
3362,0.72,0.45
3363,0.72,0.46
3364,0.72,0.47
3365,0.72,0.48
3366,0.72,0.49
3367,0.72,0.5
3368,0.72,0.51
3369,0.72,0.52
3370,0.72,0.53
3371,0.72,0.54
3372,0.72,0.55
3373,0.72,0.56
3374,0.72,0.57
3375,0.72,0.58
3376,0.72,0.59
3377,0.72,0.6
3378,0.72,0.61
3379,0.72,0.62
3380,0.72,0.63
3381,0.72,0.64
3382,0.72,0.65
3383,0.72,0.66
3384,0.72,0.67
3385,0.72,0.68
3386,0.72,0.69
3387,0.72,0.7
3388,0.72,0.71
3389,0.72,0.72
3390,0.72,0.73
3391,0.72,0.74
3392,0.72,0.75
3393,0.72,0.76
3394,0.72,0.77
3395,0.72,0.78
3396,0.72,0.79
3397,0.72,0.8
3398,0.72,0.81
3399,0.72,0.82
3400,0.72,0.83
3401,0.72,0.84
3402,0.72,0.85
3403,0.72,0.86
3404,0.72,0.87
3405,0.72,0.88
3406,0.72,0.89
3407,0.72,0.91
3408,0.72,0.93
3409,0.72,0.95
3410,0.73,0.2
3411,0.73,0.21
3412,0.73,0.22
3413,0.73,0.23
3414,0.73,0.24
3415,0.73,0.25
3416,0.73,0.26
3417,0.73,0.27
3418,0.73,0.28
3419,0.73,0.29
3420,0.73,0.3
3421,0.73,0.31
3422,0.73,0.32
3423,0.73,0.33
3424,0.73,0.34
3425,0.73,0.35
3426,0.73,0.36
3427,0.73,0.37
3428,0.73,0.38
3429,0.73,0.39
3430,0.73,0.4
3431,0.73,0.41
3432,0.73,0.42
3433,0.73,0.43
3434,0.73,0.44
3435,0.73,0.45
3436,0.73,0.46
3437,0.73,0.47
3438,0.73,0.48
3439,0.73,0.49
3440,0.73,0.5
3441,0.73,0.51
3442,0.73,0.52
3443,0.73,0.53
3444,0.73,0.54
3445,0.73,0.55
3446,0.73,0.56
3447,0.73,0.57
3448,0.73,0.58
3449,0.73,0.59
3450,0.73,0.6
3451,0.73,0.61
3452,0.73,0.62
3453,0.73,0.63
3454,0.73,0.64
3455,0.73,0.65
3456,0.73,0.66
3457,0.73,0.67
3458,0.73,0.68
3459,0.73,0.69
3460,0.73,0.7
3461,0.73,0.71
3462,0.73,0.72
3463,0.73,0.73
3464,0.73,0.74
3465,0.73,0.75
3466,0.73,0.76
3467,0.73,0.77
3468,0.73,0.78
3469,0.73,0.79
3470,0.73,0.8
3471,0.73,0.81
3472,0.73,0.82
3473,0.73,0.83
3474,0.73,0.84
3475,0.73,0.85
3476,0.73,0.86
3477,0.73,0.87
3478,0.73,0.88
3479,0.73,0.89
3480,0.73,0.92
3481,0.74,0.2
3482,0.74,0.21
3483,0.74,0.22
3484,0.74,0.23
3485,0.74,0.24
3486,0.74,0.25
3487,0.74,0.26
3488,0.74,0.27
3489,0.74,0.28
3490,0.74,0.29
3491,0.74,0.3
3492,0.74,0.31
3493,0.74,0.32
3494,0.74,0.33
3495,0.74,0.34
3496,0.74,0.35
3497,0.74,0.36
3498,0.74,0.37
3499,0.74,0.38
3500,0.74,0.39
3501,0.74,0.4
3502,0.74,0.41
3503,0.74,0.42
3504,0.74,0.43
3505,0.74,0.44
3506,0.74,0.45
3507,0.74,0.46
3508,0.74,0.47
3509,0.74,0.48
3510,0.74,0.49
3511,0.74,0.5
3512,0.74,0.51
3513,0.74,0.52
3514,0.74,0.53
3515,0.74,0.54
3516,0.74,0.55
3517,0.74,0.56
3518,0.74,0.57
3519,0.74,0.58
3520,0.74,0.59
3521,0.74,0.6
3522,0.74,0.61
3523,0.74,0.62
3524,0.74,0.63
3525,0.74,0.64
3526,0.74,0.65
3527,0.74,0.66
3528,0.74,0.67
3529,0.74,0.68
3530,0.74,0.69
3531,0.74,0.7
3532,0.74,0.71
3533,0.74,0.72
3534,0.74,0.73
3535,0.74,0.74
3536,0.74,0.75
3537,0.74,0.76
3538,0.74,0.77
3539,0.74,0.78
3540,0.74,0.79
3541,0.74,0.8
3542,0.74,0.81
3543,0.74,0.82
3544,0.74,0.83
3545,0.74,0.84
3546,0.74,0.85
3547,0.74,0.86
3548,0.74,0.87
3549,0.74,0.88
3550,0.74,0.89
3551,0.74,0.91
3552,0.74,0.92
3553,0.74,0.94
3554,0.74,0.98
3555,0.75,0.2
3556,0.75,0.22
3557,0.75,0.23
3558,0.75,0.24
3559,0.75,0.25
3560,0.75,0.26
3561,0.75,0.27
3562,0.75,0.28
3563,0.75,0.29
3564,0.75,0.3
3565,0.75,0.31
3566,0.75,0.32
3567,0.75,0.33
3568,0.75,0.34
3569,0.75,0.35
3570,0.75,0.36
3571,0.75,0.37
3572,0.75,0.38
3573,0.75,0.39
3574,0.75,0.4
3575,0.75,0.41
3576,0.75,0.42
3577,0.75,0.43
3578,0.75,0.44
3579,0.75,0.45
3580,0.75,0.46
3581,0.75,0.47
3582,0.75,0.48
3583,0.75,0.49
3584,0.75,0.5
3585,0.75,0.51
3586,0.75,0.52
3587,0.75,0.53
3588,0.75,0.54
3589,0.75,0.55
3590,0.75,0.56
3591,0.75,0.57
3592,0.75,0.58
3593,0.75,0.59
3594,0.75,0.6
3595,0.75,0.61
3596,0.75,0.62
3597,0.75,0.63
3598,0.75,0.64
3599,0.75,0.65
3600,0.75,0.66
3601,0.75,0.67
3602,0.75,0.68
3603,0.75,0.69
3604,0.75,0.7
3605,0.75,0.71
3606,0.75,0.72
3607,0.75,0.73
3608,0.75,0.74
3609,0.75,0.75
3610,0.75,0.76
3611,0.75,0.77
3612,0.75,0.78
3613,0.75,0.79
3614,0.75,0.8
3615,0.75,0.81
3616,0.75,0.82
3617,0.75,0.83
3618,0.75,0.84
3619,0.75,0.85
3620,0.75,0.86
3621,0.75,0.87
3622,0.75,0.9
3623,0.75,0.91
3624,0.75,0.92
3625,0.76,0.2
3626,0.76,0.21
3627,0.76,0.22
3628,0.76,0.23
3629,0.76,0.24
3630,0.76,0.25
3631,0.76,0.26
3632,0.76,0.27
3633,0.76,0.28
3634,0.76,0.29
3635,0.76,0.3
3636,0.76,0.31
3637,0.76,0.32
3638,0.76,0.33
3639,0.76,0.34
3640,0.76,0.35
3641,0.76,0.36
3642,0.76,0.37
3643,0.76,0.38
3644,0.76,0.39
3645,0.76,0.4
3646,0.76,0.41
3647,0.76,0.42
3648,0.76,0.43
3649,0.76,0.44
3650,0.76,0.45
3651,0.76,0.46
3652,0.76,0.47
3653,0.76,0.48
3654,0.76,0.49
3655,0.76,0.5
3656,0.76,0.51
3657,0.76,0.52
3658,0.76,0.53
3659,0.76,0.54
3660,0.76,0.55
3661,0.76,0.56
3662,0.76,0.57
3663,0.76,0.58
3664,0.76,0.59
3665,0.76,0.6
3666,0.76,0.61
3667,0.76,0.62
3668,0.76,0.63
3669,0.76,0.64
3670,0.76,0.65
3671,0.76,0.66
3672,0.76,0.67
3673,0.76,0.68
3674,0.76,0.69
3675,0.76,0.7
3676,0.76,0.71
3677,0.76,0.72
3678,0.76,0.73
3679,0.76,0.74
3680,0.76,0.75
3681,0.76,0.76
3682,0.76,0.77
3683,0.76,0.78
3684,0.76,0.79
3685,0.76,0.8
3686,0.76,0.81
3687,0.76,0.82
3688,0.76,0.83
3689,0.76,0.84
3690,0.76,0.85
3691,0.76,0.86
3692,0.76,0.88
3693,0.76,0.9
3694,0.76,0.92
3695,0.77,0.2
3696,0.77,0.21
3697,0.77,0.22
3698,0.77,0.23
3699,0.77,0.24
3700,0.77,0.25
3701,0.77,0.26
3702,0.77,0.27
3703,0.77,0.28
3704,0.77,0.29
3705,0.77,0.3
3706,0.77,0.31
3707,0.77,0.32
3708,0.77,0.33
3709,0.77,0.34
3710,0.77,0.35
3711,0.77,0.36
3712,0.77,0.37
3713,0.77,0.38
3714,0.77,0.39
3715,0.77,0.4
3716,0.77,0.41
3717,0.77,0.42
3718,0.77,0.43
3719,0.77,0.44
3720,0.77,0.45
3721,0.77,0.46
3722,0.77,0.47
3723,0.77,0.48
3724,0.77,0.49
3725,0.77,0.5
3726,0.77,0.51
3727,0.77,0.52
3728,0.77,0.53
3729,0.77,0.54
3730,0.77,0.55
3731,0.77,0.56
3732,0.77,0.57
3733,0.77,0.58
3734,0.77,0.59
3735,0.77,0.6
3736,0.77,0.61
3737,0.77,0.62
3738,0.77,0.63
3739,0.77,0.64
3740,0.77,0.65
3741,0.77,0.66
3742,0.77,0.67
3743,0.77,0.68
3744,0.77,0.69
3745,0.77,0.7
3746,0.77,0.71
3747,0.77,0.72
3748,0.77,0.73
3749,0.77,0.74
3750,0.77,0.75
3751,0.77,0.76
3752,0.77,0.77
3753,0.77,0.78
3754,0.77,0.79
3755,0.77,0.8
3756,0.77,0.81
3757,0.77,0.82
3758,0.77,0.83
3759,0.77,0.84
3760,0.77,0.86
3761,0.77,0.88
3762,0.77,0.89
3763,0.77,0.9
3764,0.78,0.2
3765,0.78,0.21
3766,0.78,0.22
3767,0.78,0.23
3768,0.78,0.24
3769,0.78,0.25
3770,0.78,0.26
3771,0.78,0.27
3772,0.78,0.28
3773,0.78,0.29
3774,0.78,0.3
3775,0.78,0.31
3776,0.78,0.32
3777,0.78,0.33
3778,0.78,0.34
3779,0.78,0.35
3780,0.78,0.36
3781,0.78,0.37
3782,0.78,0.38
3783,0.78,0.39
3784,0.78,0.4
3785,0.78,0.41
3786,0.78,0.42
3787,0.78,0.43
3788,0.78,0.44
3789,0.78,0.45
3790,0.78,0.46
3791,0.78,0.47
3792,0.78,0.48
3793,0.78,0.49
3794,0.78,0.5
3795,0.78,0.51
3796,0.78,0.52
3797,0.78,0.53
3798,0.78,0.54
3799,0.78,0.55
3800,0.78,0.56
3801,0.78,0.57
3802,0.78,0.58
3803,0.78,0.59
3804,0.78,0.6
3805,0.78,0.61
3806,0.78,0.62
3807,0.78,0.63
3808,0.78,0.64
3809,0.78,0.65
3810,0.78,0.66
3811,0.78,0.67
3812,0.78,0.68
3813,0.78,0.69
3814,0.78,0.7
3815,0.78,0.71
3816,0.78,0.72
3817,0.78,0.73
3818,0.78,0.74
3819,0.78,0.75
3820,0.78,0.76
3821,0.78,0.77
3822,0.78,0.78
3823,0.78,0.79
3824,0.78,0.8
3825,0.78,0.81
3826,0.78,0.82
3827,0.78,0.83
3828,0.78,0.84
3829,0.78,0.85
3830,0.78,0.86
3831,0.78,0.89
3832,0.78,0.9
3833,0.78,0.93
3834,0.78,0.96
3835,0.79,0.2
3836,0.79,0.21
3837,0.79,0.22
3838,0.79,0.23
3839,0.79,0.24
3840,0.79,0.25
3841,0.79,0.26
3842,0.79,0.27
3843,0.79,0.28
3844,0.79,0.29
3845,0.79,0.3
3846,0.79,0.31
3847,0.79,0.32
3848,0.79,0.33
3849,0.79,0.34
3850,0.79,0.35
3851,0.79,0.36
3852,0.79,0.37
3853,0.79,0.38
3854,0.79,0.39
3855,0.79,0.4
3856,0.79,0.41
3857,0.79,0.42
3858,0.79,0.43
3859,0.79,0.44
3860,0.79,0.45
3861,0.79,0.46
3862,0.79,0.47
3863,0.79,0.48
3864,0.79,0.49
3865,0.79,0.5
3866,0.79,0.51
3867,0.79,0.52
3868,0.79,0.53
3869,0.79,0.54
3870,0.79,0.55
3871,0.79,0.56
3872,0.79,0.57
3873,0.79,0.58
3874,0.79,0.59
3875,0.79,0.6
3876,0.79,0.61
3877,0.79,0.62
3878,0.79,0.63
3879,0.79,0.64
3880,0.79,0.65
3881,0.79,0.66
3882,0.79,0.67
3883,0.79,0.68
3884,0.79,0.69
3885,0.79,0.7
3886,0.79,0.71
3887,0.79,0.72
3888,0.79,0.73
3889,0.79,0.74
3890,0.79,0.75
3891,0.79,0.76
3892,0.79,0.77
3893,0.79,0.78
3894,0.79,0.79
3895,0.79,0.8
3896,0.79,0.81
3897,0.79,0.83
3898,0.79,0.84
3899,0.79,0.87
3900,0.79,0.88
3901,0.79,0.89
3902,0.79,0.92
3903,0.8,0.2
3904,0.8,0.21
3905,0.8,0.22
3906,0.8,0.23
3907,0.8,0.24
3908,0.8,0.25
3909,0.8,0.26
3910,0.8,0.27
3911,0.8,0.28
3912,0.8,0.29
3913,0.8,0.3
3914,0.8,0.31
3915,0.8,0.32
3916,0.8,0.33
3917,0.8,0.34
3918,0.8,0.35
3919,0.8,0.36
3920,0.8,0.37
3921,0.8,0.38
3922,0.8,0.39
3923,0.8,0.4
3924,0.8,0.41
3925,0.8,0.42
3926,0.8,0.43
3927,0.8,0.44
3928,0.8,0.45
3929,0.8,0.46
3930,0.8,0.47
3931,0.8,0.48
3932,0.8,0.49
3933,0.8,0.5
3934,0.8,0.51
3935,0.8,0.52
3936,0.8,0.53
3937,0.8,0.54
3938,0.8,0.55
3939,0.8,0.56
3940,0.8,0.57
3941,0.8,0.58
3942,0.8,0.59
3943,0.8,0.6
3944,0.8,0.61
3945,0.8,0.62
3946,0.8,0.63
3947,0.8,0.64
3948,0.8,0.65
3949,0.8,0.66
3950,0.8,0.67
3951,0.8,0.68
3952,0.8,0.69
3953,0.8,0.7
3954,0.8,0.71
3955,0.8,0.72
3956,0.8,0.73
3957,0.8,0.74
3958,0.8,0.75
3959,0.8,0.76
3960,0.8,0.77
3961,0.8,0.78
3962,0.8,0.8
3963,0.8,0.81
3964,0.8,0.83
3965,0.8,0.97
3966,0.81,0.2
3967,0.81,0.21
3968,0.81,0.22
3969,0.81,0.23
3970,0.81,0.24
3971,0.81,0.25
3972,0.81,0.26
3973,0.81,0.27
3974,0.81,0.28
3975,0.81,0.29
3976,0.81,0.3
3977,0.81,0.31
3978,0.81,0.32
3979,0.81,0.33
3980,0.81,0.34
3981,0.81,0.35
3982,0.81,0.36
3983,0.81,0.37
3984,0.81,0.38
3985,0.81,0.39
3986,0.81,0.4
3987,0.81,0.41
3988,0.81,0.42
3989,0.81,0.43
3990,0.81,0.44
3991,0.81,0.45
3992,0.81,0.46
3993,0.81,0.47
3994,0.81,0.48
3995,0.81,0.49
3996,0.81,0.5
3997,0.81,0.51
3998,0.81,0.52
3999,0.81,0.53
4000,0.81,0.54
4001,0.81,0.55
4002,0.81,0.56
4003,0.81,0.57
4004,0.81,0.58
4005,0.81,0.59
4006,0.81,0.6
4007,0.81,0.61
4008,0.81,0.62
4009,0.81,0.63
4010,0.81,0.64
4011,0.81,0.65
4012,0.81,0.66
4013,0.81,0.67
4014,0.81,0.68
4015,0.81,0.69
4016,0.81,0.7
4017,0.81,0.71
4018,0.81,0.72
4019,0.81,0.73
4020,0.81,0.74
4021,0.81,0.75
4022,0.81,0.76
4023,0.81,0.77
4024,0.81,0.78
4025,0.81,0.81
4026,0.81,0.82
4027,0.81,0.87
4028,0.81,0.92
4029,0.82,0.2
4030,0.82,0.21
4031,0.82,0.22
4032,0.82,0.23
4033,0.82,0.24
4034,0.82,0.25
4035,0.82,0.26
4036,0.82,0.27
4037,0.82,0.28
4038,0.82,0.29
4039,0.82,0.3
4040,0.82,0.31
4041,0.82,0.32
4042,0.82,0.33
4043,0.82,0.34
4044,0.82,0.35
4045,0.82,0.36
4046,0.82,0.37
4047,0.82,0.38
4048,0.82,0.39
4049,0.82,0.4
4050,0.82,0.41
4051,0.82,0.42
4052,0.82,0.43
4053,0.82,0.44
4054,0.82,0.45
4055,0.82,0.46
4056,0.82,0.47
4057,0.82,0.48
4058,0.82,0.49
4059,0.82,0.5
4060,0.82,0.51
4061,0.82,0.52
4062,0.82,0.53
4063,0.82,0.54
4064,0.82,0.55
4065,0.82,0.56
4066,0.82,0.57
4067,0.82,0.58
4068,0.82,0.59
4069,0.82,0.6
4070,0.82,0.61
4071,0.82,0.62
4072,0.82,0.63
4073,0.82,0.64
4074,0.82,0.65
4075,0.82,0.66
4076,0.82,0.67
4077,0.82,0.68
4078,0.82,0.69
4079,0.82,0.7
4080,0.82,0.71
4081,0.82,0.72
4082,0.82,0.73
4083,0.82,0.74
4084,0.82,0.75
4085,0.82,0.76
4086,0.82,0.77
4087,0.82,0.78
4088,0.82,0.8
4089,0.82,0.81
4090,0.82,0.82
4091,0.82,0.84
4092,0.82,0.87
4093,0.82,0.89
4094,0.83,0.2
4095,0.83,0.21
4096,0.83,0.22
4097,0.83,0.23
4098,0.83,0.24
4099,0.83,0.25
4100,0.83,0.26
4101,0.83,0.27
4102,0.83,0.28
4103,0.83,0.29
4104,0.83,0.3
4105,0.83,0.31
4106,0.83,0.32
4107,0.83,0.33
4108,0.83,0.34
4109,0.83,0.35
4110,0.83,0.36
4111,0.83,0.37
4112,0.83,0.38
4113,0.83,0.39
4114,0.83,0.4
4115,0.83,0.41
4116,0.83,0.42
4117,0.83,0.43
4118,0.83,0.44
4119,0.83,0.45
4120,0.83,0.46
4121,0.83,0.47
4122,0.83,0.48
4123,0.83,0.49
4124,0.83,0.5
4125,0.83,0.51
4126,0.83,0.52
4127,0.83,0.53
4128,0.83,0.54
4129,0.83,0.55
4130,0.83,0.56
4131,0.83,0.57
4132,0.83,0.58
4133,0.83,0.59
4134,0.83,0.6
4135,0.83,0.61
4136,0.83,0.62
4137,0.83,0.63
4138,0.83,0.64
4139,0.83,0.65
4140,0.83,0.66
4141,0.83,0.67
4142,0.83,0.68
4143,0.83,0.69
4144,0.83,0.7
4145,0.83,0.71
4146,0.83,0.72
4147,0.83,0.73
4148,0.83,0.74
4149,0.83,0.75
4150,0.83,0.77
4151,0.83,0.8
4152,0.83,0.82
4153,0.83,0.83
4154,0.83,0.84
4155,0.83,0.85
4156,0.83,0.9
4157,0.84,0.2
4158,0.84,0.21
4159,0.84,0.22
4160,0.84,0.23
4161,0.84,0.24
4162,0.84,0.25
4163,0.84,0.26
4164,0.84,0.27
4165,0.84,0.28
4166,0.84,0.29
4167,0.84,0.3
4168,0.84,0.31
4169,0.84,0.32
4170,0.84,0.33
4171,0.84,0.34
4172,0.84,0.35
4173,0.84,0.36
4174,0.84,0.37
4175,0.84,0.38
4176,0.84,0.39
4177,0.84,0.4
4178,0.84,0.41
4179,0.84,0.42
4180,0.84,0.43
4181,0.84,0.44
4182,0.84,0.45
4183,0.84,0.46
4184,0.84,0.47
4185,0.84,0.48
4186,0.84,0.49
4187,0.84,0.5
4188,0.84,0.51
4189,0.84,0.52
4190,0.84,0.53
4191,0.84,0.54
4192,0.84,0.55
4193,0.84,0.56
4194,0.84,0.57
4195,0.84,0.58
4196,0.84,0.59
4197,0.84,0.6
4198,0.84,0.61
4199,0.84,0.62
4200,0.84,0.63
4201,0.84,0.64
4202,0.84,0.65
4203,0.84,0.66
4204,0.84,0.67
4205,0.84,0.68
4206,0.84,0.69
4207,0.84,0.7
4208,0.84,0.71
4209,0.84,0.72
4210,0.84,0.73
4211,0.84,0.74
4212,0.84,0.75
4213,0.84,0.76
4214,0.84,0.78
4215,0.84,0.8
4216,0.84,0.81
4217,0.84,0.82
4218,0.84,0.84
4219,0.85,0.2
4220,0.85,0.21
4221,0.85,0.22
4222,0.85,0.23
4223,0.85,0.24
4224,0.85,0.25
4225,0.85,0.26
4226,0.85,0.27
4227,0.85,0.28
4228,0.85,0.29
4229,0.85,0.3
4230,0.85,0.31
4231,0.85,0.32
4232,0.85,0.33
4233,0.85,0.34
4234,0.85,0.35
4235,0.85,0.36
4236,0.85,0.37
4237,0.85,0.38
4238,0.85,0.39
4239,0.85,0.4
4240,0.85,0.41
4241,0.85,0.42
4242,0.85,0.43
4243,0.85,0.44
4244,0.85,0.45
4245,0.85,0.46
4246,0.85,0.47
4247,0.85,0.48
4248,0.85,0.49
4249,0.85,0.5
4250,0.85,0.51
4251,0.85,0.52
4252,0.85,0.53
4253,0.85,0.54
4254,0.85,0.55
4255,0.85,0.56
4256,0.85,0.57
4257,0.85,0.58
4258,0.85,0.59
4259,0.85,0.6
4260,0.85,0.61
4261,0.85,0.62
4262,0.85,0.63
4263,0.85,0.64
4264,0.85,0.65
4265,0.85,0.66
4266,0.85,0.67
4267,0.85,0.68
4268,0.85,0.69
4269,0.85,0.7
4270,0.85,0.71
4271,0.85,0.72
4272,0.85,0.73
4273,0.85,0.74
4274,0.85,0.76
4275,0.85,0.8
4276,0.85,0.81
4277,0.85,0.84
4278,0.85,0.87
4279,0.86,0.2
4280,0.86,0.21
4281,0.86,0.22
4282,0.86,0.23
4283,0.86,0.24
4284,0.86,0.25
4285,0.86,0.26
4286,0.86,0.27
4287,0.86,0.28
4288,0.86,0.29
4289,0.86,0.3
4290,0.86,0.31
4291,0.86,0.32
4292,0.86,0.33
4293,0.86,0.34
4294,0.86,0.35
4295,0.86,0.36
4296,0.86,0.37
4297,0.86,0.38
4298,0.86,0.39
4299,0.86,0.4
4300,0.86,0.41
4301,0.86,0.42
4302,0.86,0.43
4303,0.86,0.44
4304,0.86,0.45
4305,0.86,0.46
4306,0.86,0.47
4307,0.86,0.48
4308,0.86,0.49
4309,0.86,0.5
4310,0.86,0.51
4311,0.86,0.52
4312,0.86,0.53
4313,0.86,0.54
4314,0.86,0.55
4315,0.86,0.56
4316,0.86,0.57
4317,0.86,0.58
4318,0.86,0.59
4319,0.86,0.6
4320,0.86,0.61
4321,0.86,0.62
4322,0.86,0.63
4323,0.86,0.64
4324,0.86,0.65
4325,0.86,0.66
4326,0.86,0.67
4327,0.86,0.68
4328,0.86,0.69
4329,0.86,0.7
4330,0.86,0.71
4331,0.86,0.72
4332,0.86,0.73
4333,0.86,0.74
4334,0.86,0.75
4335,0.86,0.77
4336,0.86,0.78
4337,0.86,0.81
4338,0.86,0.83
4339,0.86,0.91
4340,0.87,0.2
4341,0.87,0.21
4342,0.87,0.22
4343,0.87,0.23
4344,0.87,0.24
4345,0.87,0.25
4346,0.87,0.26
4347,0.87,0.27
4348,0.87,0.28
4349,0.87,0.29
4350,0.87,0.3
4351,0.87,0.31
4352,0.87,0.32
4353,0.87,0.33
4354,0.87,0.34
4355,0.87,0.35
4356,0.87,0.36
4357,0.87,0.37
4358,0.87,0.38
4359,0.87,0.39
4360,0.87,0.4
4361,0.87,0.41
4362,0.87,0.42
4363,0.87,0.43
4364,0.87,0.44
4365,0.87,0.45
4366,0.87,0.46
4367,0.87,0.47
4368,0.87,0.48
4369,0.87,0.49
4370,0.87,0.5
4371,0.87,0.51
4372,0.87,0.52
4373,0.87,0.53
4374,0.87,0.54
4375,0.87,0.55
4376,0.87,0.56
4377,0.87,0.57
4378,0.87,0.58
4379,0.87,0.59
4380,0.87,0.6
4381,0.87,0.61
4382,0.87,0.62
4383,0.87,0.63
4384,0.87,0.64
4385,0.87,0.65
4386,0.87,0.66
4387,0.87,0.67
4388,0.87,0.68
4389,0.87,0.69
4390,0.87,0.7
4391,0.87,0.71
4392,0.87,0.72
4393,0.87,0.73
4394,0.87,0.76
4395,0.87,0.79
4396,0.88,0.2
4397,0.88,0.21
4398,0.88,0.22
4399,0.88,0.23
4400,0.88,0.24
4401,0.88,0.25
4402,0.88,0.26
4403,0.88,0.27
4404,0.88,0.28
4405,0.88,0.29
4406,0.88,0.3
4407,0.88,0.31
4408,0.88,0.32
4409,0.88,0.33
4410,0.88,0.34
4411,0.88,0.35
4412,0.88,0.36
4413,0.88,0.37
4414,0.88,0.38
4415,0.88,0.39
4416,0.88,0.4
4417,0.88,0.41
4418,0.88,0.42
4419,0.88,0.43
4420,0.88,0.44
4421,0.88,0.45
4422,0.88,0.46
4423,0.88,0.47
4424,0.88,0.48
4425,0.88,0.49
4426,0.88,0.5
4427,0.88,0.51
4428,0.88,0.52
4429,0.88,0.53
4430,0.88,0.54
4431,0.88,0.55
4432,0.88,0.56
4433,0.88,0.57
4434,0.88,0.58
4435,0.88,0.59
4436,0.88,0.6
4437,0.88,0.61
4438,0.88,0.62
4439,0.88,0.63
4440,0.88,0.64
4441,0.88,0.65
4442,0.88,0.66
4443,0.88,0.67
4444,0.88,0.68
4445,0.88,0.69
4446,0.88,0.7
4447,0.88,0.71
4448,0.88,0.72
4449,0.88,0.73
4450,0.88,0.74
4451,0.88,0.75
4452,0.88,0.76
4453,0.88,0.77
4454,0.88,0.78
4455,0.88,0.79
4456,0.88,0.81
4457,0.88,0.88
4458,0.89,0.2
4459,0.89,0.21
4460,0.89,0.22
4461,0.89,0.23
4462,0.89,0.24
4463,0.89,0.25
4464,0.89,0.26
4465,0.89,0.27
4466,0.89,0.28
4467,0.89,0.29
4468,0.89,0.3
4469,0.89,0.31
4470,0.89,0.32
4471,0.89,0.33
4472,0.89,0.34
4473,0.89,0.35
4474,0.89,0.36
4475,0.89,0.37
4476,0.89,0.38
4477,0.89,0.39
4478,0.89,0.4
4479,0.89,0.41
4480,0.89,0.42
4481,0.89,0.43
4482,0.89,0.44
4483,0.89,0.45
4484,0.89,0.46
4485,0.89,0.47
4486,0.89,0.48
4487,0.89,0.49
4488,0.89,0.5
4489,0.89,0.51
4490,0.89,0.52
4491,0.89,0.53
4492,0.89,0.54
4493,0.89,0.55
4494,0.89,0.56
4495,0.89,0.57
4496,0.89,0.58
4497,0.89,0.59
4498,0.89,0.6
4499,0.89,0.61
4500,0.89,0.62
4501,0.89,0.63
4502,0.89,0.64
4503,0.89,0.65
4504,0.89,0.66
4505,0.89,0.67
4506,0.89,0.68
4507,0.89,0.69
4508,0.89,0.7
4509,0.89,0.71
4510,0.89,0.72
4511,0.89,0.73
4512,0.89,0.74
4513,0.9,0.2
4514,0.9,0.21
4515,0.9,0.22
4516,0.9,0.23
4517,0.9,0.24
4518,0.9,0.25
4519,0.9,0.26
4520,0.9,0.27
4521,0.9,0.28
4522,0.9,0.29
4523,0.9,0.3
4524,0.9,0.31
4525,0.9,0.32
4526,0.9,0.33
4527,0.9,0.34
4528,0.9,0.35
4529,0.9,0.36
4530,0.9,0.37
4531,0.9,0.38
4532,0.9,0.39
4533,0.9,0.4
4534,0.9,0.41
4535,0.9,0.42
4536,0.9,0.43
4537,0.9,0.44
4538,0.9,0.45
4539,0.9,0.46
4540,0.9,0.47
4541,0.9,0.48
4542,0.9,0.49
4543,0.9,0.5
4544,0.9,0.51
4545,0.9,0.52
4546,0.9,0.53
4547,0.9,0.54
4548,0.9,0.55
4549,0.9,0.56
4550,0.9,0.57
4551,0.9,0.58
4552,0.9,0.59
4553,0.9,0.6
4554,0.9,0.61
4555,0.9,0.62
4556,0.9,0.63
4557,0.9,0.64
4558,0.9,0.65
4559,0.9,0.66
4560,0.9,0.67
4561,0.9,0.68
4562,0.9,0.69
4563,0.9,0.7
4564,0.9,0.71
4565,0.9,0.74
4566,0.9,0.75
4567,0.9,0.78
4568,0.9,0.81
4569,0.9,0.84
4570,0.9,0.86
4571,0.9,0.97
4572,0.91,0.2
4573,0.91,0.21
4574,0.91,0.22
4575,0.91,0.23
4576,0.91,0.24
4577,0.91,0.25
4578,0.91,0.26
4579,0.91,0.27
4580,0.91,0.28
4581,0.91,0.29
4582,0.91,0.3
4583,0.91,0.31
4584,0.91,0.32
4585,0.91,0.33
4586,0.91,0.34
4587,0.91,0.35
4588,0.91,0.36
4589,0.91,0.37
4590,0.91,0.38
4591,0.91,0.39
4592,0.91,0.4
4593,0.91,0.41
4594,0.91,0.42
4595,0.91,0.43
4596,0.91,0.44
4597,0.91,0.45
4598,0.91,0.46
4599,0.91,0.47
4600,0.91,0.48
4601,0.91,0.49
4602,0.91,0.5
4603,0.91,0.51
4604,0.91,0.52
4605,0.91,0.53
4606,0.91,0.54
4607,0.91,0.55
4608,0.91,0.56
4609,0.91,0.57
4610,0.91,0.58
4611,0.91,0.59
4612,0.91,0.6
4613,0.91,0.61
4614,0.91,0.62
4615,0.91,0.63
4616,0.91,0.64
4617,0.91,0.65
4618,0.91,0.66
4619,0.91,0.67
4620,0.91,0.68
4621,0.91,0.69
4622,0.91,0.7
4623,0.91,0.71
4624,0.91,0.72
4625,0.91,0.73
4626,0.91,0.74
4627,0.91,0.77
4628,0.91,0.78
4629,0.91,0.81
4630,0.91,0.82
4631,0.91,0.91
4632,0.92,0.2
4633,0.92,0.21
4634,0.92,0.22
4635,0.92,0.23
4636,0.92,0.24
4637,0.92,0.25
4638,0.92,0.26
4639,0.92,0.27
4640,0.92,0.28
4641,0.92,0.29
4642,0.92,0.3
4643,0.92,0.31
4644,0.92,0.32
4645,0.92,0.33
4646,0.92,0.34
4647,0.92,0.35
4648,0.92,0.36
4649,0.92,0.37
4650,0.92,0.38
4651,0.92,0.39
4652,0.92,0.4
4653,0.92,0.41
4654,0.92,0.42
4655,0.92,0.43
4656,0.92,0.44
4657,0.92,0.45
4658,0.92,0.46
4659,0.92,0.47
4660,0.92,0.48
4661,0.92,0.49
4662,0.92,0.5
4663,0.92,0.51
4664,0.92,0.52
4665,0.92,0.53
4666,0.92,0.54
4667,0.92,0.55
4668,0.92,0.56
4669,0.92,0.57
4670,0.92,0.58
4671,0.92,0.59
4672,0.92,0.6
4673,0.92,0.61
4674,0.92,0.62
4675,0.92,0.63
4676,0.92,0.64
4677,0.92,0.65
4678,0.92,0.66
4679,0.92,0.67
4680,0.92,0.68
4681,0.92,0.69
4682,0.92,0.7
4683,0.92,0.71
4684,0.92,0.72
4685,0.92,0.75
4686,0.92,0.76
4687,0.92,0.77
4688,0.93,0.2
4689,0.93,0.21
4690,0.93,0.22
4691,0.93,0.23
4692,0.93,0.24
4693,0.93,0.25
4694,0.93,0.26
4695,0.93,0.27
4696,0.93,0.28
4697,0.93,0.29
4698,0.93,0.3
4699,0.93,0.31
4700,0.93,0.32
4701,0.93,0.33
4702,0.93,0.34
4703,0.93,0.35
4704,0.93,0.36
4705,0.93,0.37
4706,0.93,0.38
4707,0.93,0.39
4708,0.93,0.4
4709,0.93,0.41
4710,0.93,0.42
4711,0.93,0.43
4712,0.93,0.44
4713,0.93,0.45
4714,0.93,0.46
4715,0.93,0.47
4716,0.93,0.48
4717,0.93,0.49
4718,0.93,0.5
4719,0.93,0.51
4720,0.93,0.52
4721,0.93,0.53
4722,0.93,0.54
4723,0.93,0.55
4724,0.93,0.56
4725,0.93,0.57
4726,0.93,0.58
4727,0.93,0.59
4728,0.93,0.6
4729,0.93,0.61
4730,0.93,0.62
4731,0.93,0.63
4732,0.93,0.64
4733,0.93,0.65
4734,0.93,0.66
4735,0.93,0.68
4736,0.93,0.69
4737,0.93,0.7
4738,0.93,0.71
4739,0.93,0.72
4740,0.93,0.73
4741,0.93,0.74
4742,0.93,0.78
4743,0.93,0.81
4744,0.93,0.89
4745,0.94,0.2
4746,0.94,0.21
4747,0.94,0.22
4748,0.94,0.23
4749,0.94,0.24
4750,0.94,0.25
4751,0.94,0.26
4752,0.94,0.27
4753,0.94,0.28
4754,0.94,0.29
4755,0.94,0.3
4756,0.94,0.31
4757,0.94,0.32
4758,0.94,0.33
4759,0.94,0.34
4760,0.94,0.35
4761,0.94,0.36
4762,0.94,0.37
4763,0.94,0.38
4764,0.94,0.39
4765,0.94,0.4
4766,0.94,0.41
4767,0.94,0.42
4768,0.94,0.43
4769,0.94,0.44
4770,0.94,0.45
4771,0.94,0.46
4772,0.94,0.47
4773,0.94,0.48
4774,0.94,0.49
4775,0.94,0.5
4776,0.94,0.51
4777,0.94,0.52
4778,0.94,0.53
4779,0.94,0.54
4780,0.94,0.55
4781,0.94,0.56
4782,0.94,0.57
4783,0.94,0.58
4784,0.94,0.59
4785,0.94,0.6
4786,0.94,0.61
4787,0.94,0.62
4788,0.94,0.63
4789,0.94,0.64
4790,0.94,0.65
4791,0.94,0.66
4792,0.94,0.67
4793,0.94,0.68
4794,0.94,0.69
4795,0.94,0.7
4796,0.94,0.71
4797,0.94,0.72
4798,0.94,0.73
4799,0.94,0.74
4800,0.94,0.79
4801,0.95,0.2
4802,0.95,0.21
4803,0.95,0.22
4804,0.95,0.23
4805,0.95,0.24
4806,0.95,0.25
4807,0.95,0.26
4808,0.95,0.27
4809,0.95,0.28
4810,0.95,0.29
4811,0.95,0.3
4812,0.95,0.31
4813,0.95,0.32
4814,0.95,0.33
4815,0.95,0.34
4816,0.95,0.35
4817,0.95,0.36
4818,0.95,0.37
4819,0.95,0.38
4820,0.95,0.39
4821,0.95,0.4
4822,0.95,0.41
4823,0.95,0.42
4824,0.95,0.43
4825,0.95,0.44
4826,0.95,0.45
4827,0.95,0.46
4828,0.95,0.47
4829,0.95,0.48
4830,0.95,0.49
4831,0.95,0.5
4832,0.95,0.51
4833,0.95,0.52
4834,0.95,0.53
4835,0.95,0.54
4836,0.95,0.55
4837,0.95,0.56
4838,0.95,0.57
4839,0.95,0.58
4840,0.95,0.59
4841,0.95,0.6
4842,0.95,0.61
4843,0.95,0.62
4844,0.95,0.63
4845,0.95,0.64
4846,0.95,0.65
4847,0.95,0.66
4848,0.95,0.68
4849,0.95,0.69
4850,0.95,0.71
4851,0.95,0.72
4852,0.95,0.73
4853,0.95,0.74
4854,0.95,0.79
4855,0.95,0.83
4856,0.96,0.2
4857,0.96,0.21
4858,0.96,0.22
4859,0.96,0.23
4860,0.96,0.24
4861,0.96,0.25
4862,0.96,0.26
4863,0.96,0.27
4864,0.96,0.28
4865,0.96,0.29
4866,0.96,0.3
4867,0.96,0.31
4868,0.96,0.32
4869,0.96,0.33
4870,0.96,0.34
4871,0.96,0.35
4872,0.96,0.36
4873,0.96,0.37
4874,0.96,0.38
4875,0.96,0.39
4876,0.96,0.4
4877,0.96,0.41
4878,0.96,0.42
4879,0.96,0.43
4880,0.96,0.44
4881,0.96,0.45
4882,0.96,0.46
4883,0.96,0.47
4884,0.96,0.48
4885,0.96,0.49
4886,0.96,0.5
4887,0.96,0.51
4888,0.96,0.52
4889,0.96,0.53
4890,0.96,0.54
4891,0.96,0.55
4892,0.96,0.56
4893,0.96,0.57
4894,0.96,0.58
4895,0.96,0.59
4896,0.96,0.6
4897,0.96,0.61
4898,0.96,0.62
4899,0.96,0.63
4900,0.96,0.64
4901,0.96,0.65
4902,0.96,0.66
4903,0.96,0.67
4904,0.96,0.68
4905,0.96,0.69
4906,0.96,0.7
4907,0.96,0.72
4908,0.96,0.73
4909,0.96,0.76
4910,0.96,0.77
4911,0.96,0.79
4912,0.96,0.86
4913,0.97,0.2
4914,0.97,0.21
4915,0.97,0.22
4916,0.97,0.23
4917,0.97,0.24
4918,0.97,0.25
4919,0.97,0.26
4920,0.97,0.27
4921,0.97,0.28
4922,0.97,0.29
4923,0.97,0.3
4924,0.97,0.31
4925,0.97,0.32
4926,0.97,0.33
4927,0.97,0.34
4928,0.97,0.35
4929,0.97,0.36
4930,0.97,0.37
4931,0.97,0.38
4932,0.97,0.39
4933,0.97,0.4
4934,0.97,0.41
4935,0.97,0.42
4936,0.97,0.43
4937,0.97,0.44
4938,0.97,0.45
4939,0.97,0.46
4940,0.97,0.47
4941,0.97,0.48
4942,0.97,0.49
4943,0.97,0.5
4944,0.97,0.51
4945,0.97,0.52
4946,0.97,0.53
4947,0.97,0.54
4948,0.97,0.55
4949,0.97,0.56
4950,0.97,0.57
4951,0.97,0.58
4952,0.97,0.59
4953,0.97,0.6
4954,0.97,0.61
4955,0.97,0.62
4956,0.97,0.63
4957,0.97,0.64
4958,0.97,0.65
4959,0.97,0.66
4960,0.97,0.67
4961,0.97,0.71
4962,0.97,0.75
4963,0.98,0.2
4964,0.98,0.21
4965,0.98,0.22
4966,0.98,0.23
4967,0.98,0.24
4968,0.98,0.25
4969,0.98,0.26
4970,0.98,0.27
4971,0.98,0.28
4972,0.98,0.29
4973,0.98,0.3
4974,0.98,0.31
4975,0.98,0.32
4976,0.98,0.33
4977,0.98,0.34
4978,0.98,0.35
4979,0.98,0.36
4980,0.98,0.37
4981,0.98,0.38
4982,0.98,0.39
4983,0.98,0.4
4984,0.98,0.41
4985,0.98,0.42
4986,0.98,0.43
4987,0.98,0.44
4988,0.98,0.45
4989,0.98,0.46
4990,0.98,0.47
4991,0.98,0.48
4992,0.98,0.49
4993,0.98,0.5
4994,0.98,0.51
4995,0.98,0.52
4996,0.98,0.53
4997,0.98,0.54
4998,0.98,0.55
4999,0.98,0.56
5000,0.98,0.57
5001,0.98,0.58
5002,0.98,0.59
5003,0.98,0.6
5004,0.98,0.61
5005,0.98,0.62
5006,0.98,0.63
5007,0.98,0.65
5008,0.98,0.66
5009,0.98,0.69
5010,0.98,0.8
5011,0.99,0.2
5012,0.99,0.21
5013,0.99,0.22
5014,0.99,0.23
5015,0.99,0.24
5016,0.99,0.25
5017,0.99,0.26
5018,0.99,0.27
5019,0.99,0.28
5020,0.99,0.29
5021,0.99,0.3
5022,0.99,0.31
5023,0.99,0.32
5024,0.99,0.33
5025,0.99,0.34
5026,0.99,0.35
5027,0.99,0.36
5028,0.99,0.37
5029,0.99,0.38
5030,0.99,0.39
5031,0.99,0.4
5032,0.99,0.41
5033,0.99,0.42
5034,0.99,0.43
5035,0.99,0.44
5036,0.99,0.45
5037,0.99,0.46
5038,0.99,0.47
5039,0.99,0.48
5040,0.99,0.49
5041,0.99,0.5
5042,0.99,0.51
5043,0.99,0.52
5044,0.99,0.53
5045,0.99,0.54
5046,0.99,0.55
5047,0.99,0.56
5048,0.99,0.57
5049,0.99,0.58
5050,0.99,0.59
5051,0.99,0.6
5052,0.99,0.61
5053,0.99,0.62
5054,0.99,0.63
5055,0.99,0.64
5056,0.99,0.65
5057,0.99,0.66
5058,0.99,0.67
5059,0.99,0.74
5060,0.99,0.83
