rmse_I,rmse_Beta,time_predict,day,actual_peak_I,predicted_peak_I,actual_peak_day,predicted_peak_day
43465.11979063079,9.695228988687573e-07,0.0020482540130615234,29,33894.0,68233.16297451097,38,52
73589.80939785556,8.76421254519256e-07,0.0,16,126006.0,258871.3620170854,28,33
46011.97113733229,2.4710411756062356e-06,0.0,11,312285.0,405210.2573753954,20,20
33340.15874813449,1.6164383635064222e-06,0.0,18,31833.0,49795.64219052205,25,37
45280.83688503467,3.159399258061996e-06,0.008011341094970703,10,294723.0,402409.36824000085,19,18
27908.61801151037,3.816206444787452e-06,0.002006053924560547,22,11617.0,51860.10989117249,24,36
28929.30175459376,6.299983491373812e-06,0.0,16,13766.0,45755.03189789801,19,26
53729.28863095567,4.197408554127766e-06,0.0,8,249411.0,364741.83540275565,17,15
67792.87286400275,2.487553030641682e-06,0.0,12,97746.0,210149.62862265896,20,22
52870.256585059484,4.1913742580882615e-06,0.008013010025024414,10,131282.0,249293.02692014037,18,18
54892.40430840963,5.733750116792965e-06,0.00022602081298828125,12,84501.0,180173.6811362445,19,19
54972.67510354703,1.2573827624236712e-06,0.0020101070404052734,11,300377.0,334049.4277028857,23,23
55222.87495949061,3.995824592302476e-06,0.0,9,247795.0,361555.007732327,17,16
67932.56252705622,1.6784298762804616e-06,0.0,11,147767.0,313287.7018828273,20,22
40441.101339826615,5.576267019198682e-07,0.0,27,80549.0,55853.559748369415,40,59
46823.50643692904,2.4320817199135554e-06,0.00022530555725097656,9,357678.0,442186.16683598096,17,17
52787.312920674805,2.728785571997288e-06,0.0,12,149057.0,275202.14490668825,22,21
37016.68518177565,6.059208069673304e-06,0.0,17,24677.0,69794.76006703908,23,27
58426.58839171764,1.0963490461714935e-06,0.010048151016235352,16,135349.0,174564.94361028934,25,32
57015.87229789574,4.271402892488692e-06,0.002019166946411133,9,199070.0,308838.3393108782,17,16
51040.063441443104,2.384251504896225e-06,0.0,19,43524.0,124494.90710984793,30,32
53051.12406271334,3.4168564856272333e-06,0.0,9,258829.0,381461.82867891184,18,16
54318.54243118935,4.537972667415117e-06,0.0,8,254487.0,367464.64633315086,17,15
46547.322068186324,2.6493771069651785e-06,0.008026599884033203,9,291980.0,419211.75412928395,19,17
42838.51985918992,3.860623588597185e-06,0.0,21,39081.0,103334.52220066317,28,32
70534.87866464112,1.4473851131790185e-06,0.0,12,268585.0,372632.67908984545,23,23
58766.280401549506,2.5335239741692184e-06,0.0,15,75692.0,183808.89918650678,22,25
47670.71156300213,6.278512898578491e-07,0.008011102676391602,29,67445.0,82460.93320989696,39,60
24809.400110262624,4.82139735165118e-06,0.002026796340942383,15,13464.0,37585.77168607449,19,28
86470.51349989975,1.1457342410267558e-06,0.0,15,97909.0,199713.04350858898,24,31
50569.819127054834,3.002783944187443e-06,0.0,9,243005.0,369528.50700950256,19,17
47362.454643445504,1.7137731128159736e-06,0.0,19,34844.0,75888.72424859491,24,34
58065.9126953683,3.6600737171270945e-06,0.008013010025024414,11,129029.0,241518.17618354684,19,19
33578.82907855512,5.2088148391662405e-06,0.0020160675048828125,14,27553.0,65032.68568047459,19,23
49386.54212819824,2.0744555777753226e-06,0.0,13,85025.0,145991.15569212125,20,24
50817.82819581384,3.535233935049358e-06,0.0,12,67342.0,154447.28263118808,20,22
64036.90764619349,1.7432143272500186e-06,0.0,19,127866.0,223688.71299605432,27,31
53472.04082272892,4.638554465310634e-06,0.0,10,115059.0,226378.28546275548,18,18
50193.368042853486,6.535588499170395e-07,0.002037525177001953,28,85967.0,77618.36130757607,41,56
57900.410444110894,1.5432617256568957e-06,0.0,20,120396.0,213176.3200963271,29,33
57564.65787156181,6.686998331872521e-06,0.0,9,103314.0,213406.33847647515,16,16
47924.75676402112,7.103959450511276e-07,0.008236885070800781,25,49631.0,71522.50089918326,35,50
54021.099814001325,3.2812076009593847e-06,0.002009868621826172,10,189499.0,319584.2344200407,18,18
30263.72246513927,4.364880411773128e-06,0.0,15,24345.0,58920.74799551742,20,26
49946.63871628404,2.2445701383581488e-06,0.0,9,295718.0,372314.1209400085,19,18
58677.747109891345,4.970859124704113e-06,0.0,9,128560.0,257278.6038879076,18,17
52034.055343535314,5.1066370580604594e-06,0.008096694946289062,10,80709.0,174917.5815930535,18,18
58553.485049377574,5.726865482491404e-06,0.0020101070404052734,10,123887.0,235315.01321179827,18,17
57181.61906297484,4.268490965564931e-06,0.0,12,164814.0,277372.8724396089,20,19
42053.33550329714,1.004310328830238e-06,0.0,30,56192.0,66740.24042570872,41,53
50366.00344818635,3.1960255310760034e-06,0.0,9,260476.0,374513.3349410369,19,17
43247.25000306981,1.3365977868320285e-06,0.00823974609375,13,213123.0,313494.4637969031,24,25
61721.691460777314,1.5266616655482282e-06,0.0020096302032470703,12,254109.0,303002.1916407922,22,23
28111.755252012532,2.224862377454578e-06,0.0,19,30154.0,52287.95235857062,26,34
60115.03253945881,7.609271540084048e-07,0.0,15,141413.0,242638.18658191955,27,33
63909.613544924694,1.7054516426816207e-06,0.008013010025024414,15,113723.0,172372.5224073073,23,28
68995.11582577454,9.368538763905355e-07,0.0020143985748291016,19,229622.0,295894.9503671244,31,34
62555.91466252435,3.1981313820859193e-06,0.0,14,106508.0,254334.25074488402,23,23
65449.166006457475,2.376288963495003e-06,0.0,12,111506.0,234230.27460263378,20,23
37918.95108361292,4.627813627890933e-06,0.0,11,38980.0,89211.60613006837,16,20
49650.379049135096,2.859302361109306e-06,0.008016824722290039,8,346746.0,426298.242229406,17,16
29123.462959574394,7.536144466595108e-06,0.0020284652709960938,14,17567.0,50523.68649161472,18,24
54839.40904057943,4.444946388365274e-06,0.0,11,168398.0,276037.57663484954,20,18
63467.84104488904,3.3417411923106926e-06,0.0,11,166810.0,317264.3706628914,20,20
61196.45967960797,4.042124939796448e-06,0.0,9,173019.0,273613.40727404156,17,17
57814.083939631186,3.5826280687478094e-06,0.008013010025024414,9,217347.0,323483.39285693475,17,16
57898.2017218442,4.533458471938354e-06,0.0020294189453125,11,104662.0,196472.67335587266,18,18
34202.37863479333,4.3861746578061795e-07,0.0,33,60577.0,50896.18223976271,45,76
53513.77553416853,2.871494797065785e-06,0.0,10,227076.0,363879.36767579487,19,18
53165.51377214455,4.439110502127311e-06,0.008030176162719727,11,77752.0,168682.60777781095,17,19
84778.19765509265,8.476101476730162e-07,0.002012491226196289,18,245134.0,267918.26995072333,29,34
64512.18881212824,8.737934609960238e-07,0.0,18,128979.0,186092.75501530027,27,35
48286.73753324971,3.3658956939980375e-06,0.0,9,279936.0,380476.12784691656,17,16
72050.92495630909,5.936599203633554e-07,0.0,30,147914.0,171379.33506156216,46,55
49235.723515332684,3.7459614539355564e-06,0.008037090301513672,9,286737.0,386783.06289907463,18,16
55009.35304774324,4.628326173173812e-06,0.0,12,192862.0,304604.8906551045,21,19
48466.65674773681,3.94379977528545e-06,0.0,9,292147.0,382343.48674902937,17,15
43370.698952793995,2.4126055684368313e-06,0.0,10,334409.0,439174.02408460376,20,18
60629.500383469036,4.220094781150582e-06,0.008022308349609375,9,175525.0,275293.50165734615,17,17
46779.882455903025,5.511501657124725e-06,0.0,11,38729.0,95188.78001018176,17,20
47346.72987631256,3.060081086860726e-06,0.0,9,362799.0,459474.50863383437,18,16
45879.63304145881,4.941900671681637e-06,0.0,12,49783.0,117156.76636184193,18,20
33551.06175182457,5.075391034914678e-07,0.0,29,66620.0,44851.48753487564,42,67
51443.52080585353,1.0030312336270154e-06,0.008018016815185547,16,122339.0,178012.25990838243,27,33
47919.15240255256,3.1825766315320988e-06,0.00022363662719726562,10,378718.0,460616.68921866344,18,17
48530.38985073013,3.2553786457347483e-06,0.0,11,234109.0,340977.01976156194,21,19
37598.997349361845,2.9992339954908863e-06,0.0,19,21599.0,65156.341863669564,24,32
49327.71500340664,2.8277836012509542e-06,0.0,11,372217.0,440200.2263385956,21,20
46955.058734518025,6.053947446662289e-06,0.0,11,39764.0,98217.27316823982,17,20
68825.83903385546,1.244818697119114e-06,0.00805044174194336,25,54862.0,109636.44662211061,31,41
65850.87334785837,7.55855305692371e-07,0.002010822296142578,26,112066.0,246466.94941641885,45,46
59568.57118759131,5.443097830252544e-06,0.0,10,121783.0,233140.11110127595,18,17
52043.020866983126,3.89825677612587e-06,0.0,8,216422.0,331729.6634728934,17,16
55728.460967861516,4.706170013334064e-06,0.008012533187866211,8,209585.0,341947.263516864,17,15
66608.27856733964,1.4176807310913975e-06,0.0020151138305664062,14,113012.0,231373.55736023275,25,27
55793.7143986075,4.916717341758811e-06,0.0,9,88888.0,202069.2973893454,17,17
39721.126502079336,1.6580798558432358e-06,0.0,20,35977.0,74009.21138203863,27,36
38614.41499751629,4.93484229212759e-06,0.0,12,32331.0,89969.0884989865,19,22
63355.66400966375,1.3570917046983743e-06,0.008013486862182617,22,72955.0,147044.24292530294,29,37
41480.935558096615,2.4508758360707265e-06,0.0020170211791992188,9,361844.0,442374.72677761177,18,17
49865.16365107688,2.487395112445983e-06,0.0,18,51056.0,103679.08915179243,25,30
53039.22306304748,1.81345864594003e-06,0.0,10,222407.0,350922.07355741144,20,20
66697.77205115138,9.852241476399359e-07,0.00803232192993164,17,117078.0,230327.20754449716,27,33
52849.56585065426,3.0614677412658112e-06,0.002011537551879883,12,227801.0,341016.12946321606,20,20
48189.75944718596,6.813702830436136e-07,0.0,29,79855.0,83603.086830735,42,56
53467.57243277953,5.9935600220009865e-06,0.0,11,63522.0,153740.42110020164,18,19
43889.68667015719,5.234189392921495e-06,0.0,11,36624.0,92879.05066490482,17,20
65696.31599673956,4.328431077975033e-07,0.008037090301513672,30,125090.0,138594.58907913626,41,56
53138.35871496206,9.019577228506557e-07,0.0020105838775634766,29,32174.0,97191.66712222724,38,49
54975.68042485197,4.534352821142426e-06,0.0,12,190675.0,308477.72327151464,20,19
49005.8498945549,2.1067319949251238e-06,0.0,10,268431.0,366438.3799763138,19,20
65828.95371628187,1.2551298215397261e-06,0.0,16,69033.0,191144.86179318576,26,30
54458.589393585185,1.8405427235703666e-06,0.008031845092773438,27,47258.0,103542.97345894422,34,42
53051.71722188227,2.4540573196918525e-06,0.0020105838775634766,9,203617.0,322623.16131171695,18,19
59021.81758503668,1.5655713041679217e-06,0.0,12,229317.0,358610.82718215126,22,22
51602.868176917895,3.4786820732205605e-06,0.0,11,86177.0,181304.5240502102,19,21
54720.8201806259,5.096202230248175e-06,0.008021831512451172,11,66253.0,147191.09001766628,18,19
52507.37596678846,3.341216518691401e-06,0.0,12,62401.0,125879.151497688,19,21
55871.300684105576,3.437614540485742e-06,0.002010345458984375,16,154875.0,261441.07868600212,25,25
52957.00252825896,3.7188599234036502e-06,0.0,11,214405.0,326324.6894505209,20,19
38912.395360608476,7.530669432733071e-06,0.0,12,27898.0,77229.73965193974,17,20
49647.71299261171,3.938747303734358e-06,0.0,17,45872.0,105534.52603820947,24,27
51944.62748204661,2.459266322191905e-06,0.008237838745117188,10,264034.0,352472.3068938734,19,19
53064.64293773191,3.5141026047541288e-06,0.002013683319091797,11,219079.0,321788.76560855727,21,19
55967.35913494096,6.061589171063615e-06,0.0,10,79130.0,182373.8972732939,17,17
28671.156276738984,7.045834736461426e-06,0.0,13,17163.0,48768.32427706888,18,24
57569.252001318026,5.792602068548873e-06,0.0,9,120484.0,238121.4621319208,17,16
56371.2459405779,4.195032067040651e-06,0.008237123489379883,10,106755.0,218808.45235875619,18,19
55779.00767640805,3.922202181654076e-06,0.0020105838775634766,11,99538.0,188924.90238211124,18,19
49707.05334786918,3.3004308634765204e-06,0.0,9,342007.0,433369.2652817407,17,16
55970.502493340246,3.23150737423424e-06,0.0,11,130313.0,233883.0259229307,19,20
57207.6431132266,5.202047862579717e-06,0.0,12,64753.0,203149.46817789992,20,20
46535.8420714484,3.1811275584327455e-06,0.008376598358154297,13,59028.0,121042.13912792435,21,23
44955.966302352186,1.939679943208332e-06,0.0020101070404052734,10,290845.0,389957.3839787964,20,19
34302.95768056031,2.623539207857495e-06,0.0,18,21751.0,59867.54571841101,25,32
47253.012740417515,3.77306261888564e-06,0.0,9,312607.0,407948.62166661135,18,17
31240.858020537067,2.934344081485016e-07,0.0,30,133514.0,70962.89121629996,44,43
47644.862978925645,3.1249669166234145e-06,0.008107423782348633,8,344192.0,428526.1027207933,17,16
58137.315683182765,4.671426654612814e-06,0.0020165443420410156,12,170685.0,279710.02712280315,21,20
35387.39721863961,3.8146910636745114e-06,0.0,19,26473.0,77064.85819656953,25,31
55166.14670344898,2.5003986739601665e-06,0.0,18,141438.0,262242.94503982837,28,29
54830.05114767192,4.144204949584137e-06,0.0,10,196717.0,306540.78395085415,18,17
49128.3348702294,6.659179939987178e-06,0.008030176162719727,10,51894.0,129722.31524833963,17,18
74609.0742013536,1.8669526033885905e-06,0.0020170211791992188,13,127484.0,211542.75311794743,24,25
47420.667966498804,4.740416144872012e-06,0.0,12,66729.0,143081.5763089579,18,20
17975.107400021698,3.2758791993179816e-06,0.0,24,11492.0,24058.286643597017,27,39
66712.72762821971,7.736729667190363e-07,0.0,36,71866.0,150347.85397510213,44,57
55920.19032243201,2.5071735233809845e-06,0.00802755355834961,11,224245.0,352954.95005076064,22,20
44912.09979664699,1.3371512253644568e-06,0.002017498016357422,11,250896.0,316599.1621155176,24,23
51663.796513324516,2.1459429894271664e-06,0.0,11,178661.0,283286.8232698699,21,21
44221.23146919068,2.6105564707334445e-06,0.0,9,334246.0,418747.48774582875,18,17
37284.763327573506,6.847970520459576e-06,0.008013486862182617,12,26162.0,74536.05170585524,18,22
51576.05209091801,1.9859502829912115e-06,0.0,14,65753.0,112196.97217309024,23,28
29281.00955841807,7.727032916064818e-06,0.0,13,17215.0,51311.48890109457,17,22
50975.81557959886,2.631215045541606e-06,0.0,13,74083.0,136371.05265390984,19,23
55412.90674724355,4.8284730144256884e-06,0.0,11,158458.0,285062.19801372034,19,18
57384.537432335324,3.656211848343633e-06,0.0,9,224247.0,326966.0371821205,18,17
39568.70021567832,3.045349444396257e-07,0.008043766021728516,24,151592.0,51314.06907896434,39,38
46764.71965689479,2.0427600697782798e-06,0.002010822296142578,10,326167.0,418656.4815729648,20,18
58940.00941263118,1.531224459506099e-06,0.0,16,120969.0,163615.58789859558,27,30
48470.16387388852,3.7746748679784387e-06,0.0,9,314334.0,407581.6348393825,19,17
32211.226678573785,3.5881332286343005e-06,0.0,19,23188.0,50992.56614377725,23,31
43605.7942255284,2.7776115397145074e-06,0.008340835571289062,17,57518.0,113429.95963668641,23,27
47435.95210240497,2.322409537402301e-06,0.0020105838775634766,9,255682.0,379516.7100357439,18,18
54566.127414813105,4.378511653015844e-06,0.0,11,58140.0,139923.65908892982,16,19
43871.62031049044,4.3389276118786616e-06,0.0,11,37846.0,84909.7705700337,17,20
46070.11247415205,4.2025834231769646e-06,0.0,16,27190.0,81848.40681848199,22,26
38476.58453649691,6.787867368753188e-06,0.008309364318847656,12,27057.0,74696.25642347989,18,21
60317.584696976504,5.37777364216546e-06,0.0020101070404052734,9,150864.0,263064.5592263007,17,16
49477.12762327503,1.8885850851481387e-06,0.0,12,183625.0,296600.3567409484,24,23
55231.62673876037,3.953740157039651e-06,0.0,9,197110.0,303575.7700378212,18,17
47736.3646118276,5.139039715282781e-07,0.0,30,54906.0,80289.90267313384,43,60
33173.842958437264,6.104861413003741e-06,0.008025169372558594,16,25291.0,70897.6853078086,21,26
44705.150794352514,2.839411765743664e-06,0.0020105838775634766,8,319536.0,425998.6875719533,17,16
50928.96732987272,2.3579234680831053e-06,0.0,11,173017.0,265709.71501210413,20,21
42492.36336761244,1.9226711963687265e-06,0.0,10,344392.0,416289.41378103173,21,19
54753.287579969285,2.2313191777881207e-06,0.0,19,66816.0,145366.83858129688,31,32
65063.67838377465,3.3466620380376504e-06,0.002035379409790039,10,121773.0,262841.73182040075,18,18
44536.39351929221,3.1900920425278234e-06,0.0,10,306255.0,396884.93022803124,19,18
56463.026708283105,4.656888530199921e-06,0.0,11,103337.0,199702.0119234993,18,18
49954.48714673491,2.71332139064524e-06,0.0,13,125473.0,245935.69368003955,22,22
58237.58553768615,6.99223216930471e-07,0.008013010025024414,49,132775.0,173774.56123905617,63,69
51703.7735600355,3.2205811046185096e-06,0.0020134449005126953,12,96015.0,203642.50985187705,20,21
71339.9349004455,6.255310519669666e-07,0.0,27,106926.0,161647.90259033145,39,49
49919.05551653855,2.820525091811921e-06,0.0,10,296604.0,391010.6391538874,19,17
28280.02897641746,7.404662028671054e-06,0.008004426956176758,15,17000.0,50513.20982291578,20,25
54316.81001081559,2.5109489626012845e-06,0.002022266387939453,12,95308.0,186190.22720565792,19,22
38558.100325741325,7.974661228286223e-07,0.0,31,32742.0,59645.01974912743,39,56
61187.70270203889,4.950970646200216e-07,0.0,28,102260.0,137416.72991337744,43,56
61404.56340167576,4.39373073174212e-06,0.0,9,198858.0,309579.9305852185,17,16
48633.83501055149,8.888547782647668e-07,0.008041143417358398,18,84550.0,99573.95568408223,31,39
57746.662420083085,3.4122022551428868e-06,0.002010822296142578,10,164005.0,289450.1246021316,20,19
76374.77773375867,1.0570583837106989e-06,0.0,15,151153.0,269859.4440897004,26,30
58830.36784291761,4.134254383849864e-06,0.0,8,225800.0,360330.17978637095,17,15
32327.90486084447,4.5263806701796175e-06,0.0,14,23928.0,60253.26799571907,19,24
45882.39604929459,5.748495915242927e-06,0.00802922248840332,11,54224.0,124471.08468309478,17,19
47543.590350924605,3.4061806321316566e-06,0.0020742416381835938,12,222101.0,346946.7915281695,22,20
50818.097597945714,1.8050097012589776e-06,0.0,25,79712.0,152843.28851698502,33,38
44213.2188231078,2.6865040721468145e-06,0.0,11,299105.0,410530.8267843786,21,19
57052.07580416626,5.569298369056941e-06,0.0,10,80785.0,178731.91776985792,17,18
62256.57025770302,4.046737591766575e-06,0.00022149085998535156,10,108875.0,247420.28535789566,17,18
53967.55571214931,4.280541218438873e-06,0.002010345458984375,8,228381.0,336550.5177435174,17,15
58423.17635054425,5.158116306361817e-06,0.0,12,141583.0,259775.16350391792,20,19
29093.45800688407,6.904652911337489e-06,0.0,14,15732.0,48751.24345315069,18,24
53999.85571763042,4.468460017224884e-06,0.008012771606445312,11,127205.0,251517.94617150244,19,18
34143.50420181062,5.331520656472589e-06,0.0020122528076171875,21,19582.0,65566.06047804994,28,32
68270.47644256007,9.879553529836009e-07,0.0,43,111661.0,180595.09414162213,60,63
67047.03129574891,1.5338115933926799e-06,0.0,12,96111.0,300928.6510213558,23,24
49230.70568540154,4.734141416581975e-06,0.0,17,52411.0,114691.7900525346,23,26
60798.87628454937,1.1386635751706662e-06,0.00801396369934082,17,122467.0,231644.0642686422,31,30
30592.25251875666,7.014995247926997e-06,0.002016782760620117,13,17397.0,48834.899720995585,17,23
51952.988572520284,4.498116926397473e-06,0.0,11,103498.0,196949.34108473943,18,19
42129.094663732845,4.7521631296183006e-06,0.0,14,27547.0,87163.16628216804,19,24
55598.332774038354,5.120078784641068e-06,0.0,9,118545.0,228695.4224823298,18,17
48952.58424329797,1.6456973274345958e-06,0.008013010025024414,14,261922.0,361759.20852960524,23,24
48160.78867953003,3.070878310114958e-06,0.00201416015625,9,296285.0,397279.19406006415,19,17
47685.259030897396,3.190531004376287e-06,0.0,8,383673.0,463663.67290466896,17,15
20299.83132899713,2.228874232848271e-06,0.0,26,14826.0,29699.920148840283,35,46
53172.823524819236,2.337010604964454e-06,0.0,14,67893.0,151650.62586615994,21,26
53824.3058020412,3.6888026837491043e-06,0.008014917373657227,9,257693.0,357633.997700382,17,16
26162.942122887504,6.50467919477781e-06,0.0020313262939453125,19,13082.0,46580.28445478778,24,30
63065.29814364488,7.098957346332312e-07,0.0,27,90953.0,193718.86348336318,46,48
49887.84363479633,2.4195956744063758e-06,0.0,9,211080.0,323104.5477463628,18,19
59273.323304129386,1.5343580957533107e-06,0.0,12,215688.0,298767.270682661,21,24
55293.053457094604,6.358878226578467e-06,0.008012771606445312,9,101223.0,213212.5474759907,16,16
56900.56102196595,4.980204752084243e-06,0.002016305923461914,9,142418.0,258823.47181378645,18,16
55878.857087664735,6.216918005812445e-06,0.0,10,82359.0,183566.5277550747,17,17
45944.690764782514,3.297060350812309e-06,0.0,8,276988.0,379066.75369094184,17,16
50166.28501531536,1.496347922888857e-06,0.008231401443481445,15,94986.0,132325.31109744686,25,31
53938.57804923568,3.981222700446944e-06,0.0,8,214548.0,331064.4653499216,17,16
54715.50316679566,5.051103976175237e-06,0.0,12,149224.0,258961.8030909299,20,19
59742.90560200855,1.6848574693484704e-06,0.0,14,171911.0,282698.9241306844,24,25
35694.83513786078,2.5532352755818897e-06,0.0,18,31986.0,56665.16510764986,26,32
44796.25018176063,1.1540352162322934e-06,0.008033275604248047,27,54559.0,83490.24871457566,37,46
58298.48480283594,3.596424494821563e-06,0.0020170211791992188,11,89512.0,182524.87413370388,20,21
38951.02284081012,6.575983130927493e-06,0.0,14,25073.0,73365.36114500914,19,23
27382.374266884635,7.030134767247773e-06,0.0,17,15650.0,48606.63688409541,22,27
63832.82559573781,2.2531571089019598e-06,0.0,17,60415.0,146626.02676004526,24,29
50375.80165305214,2.2919847394351776e-06,0.008103132247924805,13,98874.0,177756.01306671766,22,24
46850.79569863323,3.631138092428783e-06,0.002015829086303711,12,61602.0,129516.20909660691,19,22
26691.493058659,5.816138847489447e-06,0.0,15,16159.0,43665.537616938236,19,26
58304.92235305825,1.6292480524178052e-06,0.0,14,61010.0,145026.54544395406,21,29
28237.656649827328,7.371645864313863e-06,0.0,14,16422.0,50139.60582238363,18,24
50648.83331212512,1.6570859828956939e-06,0.00823831558227539,13,331477.0,394166.446932713,23,23
60124.939060816796,1.389702620640175e-06,0.0020101070404052734,14,119367.0,233679.91098307978,21,26
49365.44017632085,4.208393468758121e-06,0.0,12,38322.0,109458.16296516772,19,22
64166.787896564114,7.352459611084437e-07,0.0,16,199845.0,202440.6713781654,27,34
61951.29389142551,1.5961149311069255e-06,0.0,14,104149.0,246377.92471021594,22,27
55144.585022685984,6.103810513819604e-06,0.008635997772216797,12,79393.0,182869.135905189,20,19
55196.17498551353,2.724547665173309e-06,0.0020105838775634766,12,245283.0,330339.62116426544,21,21
57512.72303569694,3.2247679995107834e-06,0.0,10,163690.0,261217.80703103397,19,19
48397.32208239881,3.2149939836425825e-06,0.0,11,312461.0,403299.18143645243,19,18
44857.044524296696,5.019315090938053e-06,0.0,12,35784.0,90931.90044126185,18,21
57326.41344883954,3.659500226716173e-06,0.00833439826965332,11,97116.0,214027.94560630622,18,19
45964.27996481788,2.226328877209351e-06,0.0020101070404052734,20,32150.0,72181.91116286139,26,34
48428.48977111628,3.076638147258219e-06,0.0,19,45564.0,116540.9231987363,27,30
53742.123539986605,4.774802155360729e-06,0.0,12,66975.0,143797.9575874535,18,20
59567.298576839545,5.173809124682083e-06,0.0,9,147866.0,260825.15970316058,17,16
26363.624069208385,5.5369703887133816e-06,0.00803828239440918,16,16014.0,42563.2801343437,20,27
44514.51949116816,3.3069599746504435e-06,0.0,16,50409.0,122101.98788849739,23,26
49863.614757152056,3.014460355746738e-06,0.0,11,187756.0,286283.82642055326,19,19
58822.32709323547,3.8072210060372338e-06,0.0,9,130836.0,271231.6164765494,18,17
49125.31192613834,2.1462472584273044e-06,0.008011579513549805,18,56340.0,118347.26997884197,25,30
48575.15486133603,2.380146780811705e-06,0.002033233642578125,9,346243.0,411915.76137349743,18,17
51917.820335077384,3.354527582545222e-06,0.0,9,267175.0,380792.23755890405,18,16
70613.73028096119,6.474006250166436e-07,0.0,17,191788.0,143041.47129005138,29,37
39338.008240686075,4.361772122836219e-06,0.0,15,23063.0,83160.95484552463,21,26
56383.64394210007,3.62284448088337e-06,0.008013248443603516,12,71332.0,156466.59913829443,19,21
40031.122353441104,4.245604183629246e-06,0.00201416015625,13,35906.0,83860.36527690361,19,23
45526.76205671319,2.5786482358887666e-06,0.0,11,233587.0,357095.69314684323,22,20
55105.80907992602,7.755537452333642e-07,0.0,20,151357.0,168809.3486865021,37,39
51318.67277886766,3.778998731094132e-06,0.0,9,351333.0,441988.4828386687,17,15
34776.25980648706,7.38117389368372e-06,0.008013486862182617,14,24131.0,76972.50053103267,18,22
44674.422168597426,3.28320996561671e-06,0.002030611038208008,12,49846.0,97897.92355778484,18,22
71091.40415889706,1.3890716259481395e-06,0.0,16,104421.0,176610.8505587339,25,30
48136.76315524997,1.2586024175180385e-06,0.0,12,206120.0,302665.9583044195,23,25
47580.05558677846,2.593672768050015e-06,0.0,13,50503.0,135572.79783260144,19,24
49068.324356616045,5.08160807597086e-06,0.002017974853515625,12,91874.0,200898.51547412307,21,20
49952.04350399924,3.256359923690897e-06,0.0,11,318716.0,404846.98675819795,19,18
47627.42669987617,2.807374400831794e-06,0.0,13,51756.0,114148.56046951741,20,23
49234.01233159581,2.561124220278553e-06,0.0,10,192599.0,299039.1554898658,19,19
53393.120563626675,2.1645912961180897e-06,0.002023458480834961,12,228577.0,311044.9084906864,21,22
59739.26957382842,5.356558885713184e-06,0.0,9,123840.0,233907.10781210358,17,16
52932.96462426503,3.0914288382615387e-06,0.0,9,171303.0,314711.5008482208,19,18
46761.806076933695,5.613695135131505e-06,0.008005619049072266,11,53583.0,123664.02263365196,17,19
54044.97930470557,3.2151733323377065e-06,0.0020165443420410156,11,105672.0,230354.96134438747,20,20
30842.401066321017,4.799104833754478e-06,0.0,21,15939.0,61229.670485479466,27,33
46670.75932897663,3.1455616286557714e-06,0.0,10,293105.0,400988.3989091479,18,17
37566.93879799185,6.438393287927192e-06,0.008022785186767578,13,27367.0,72829.10210601316,18,22
45143.49656953885,4.066436805209656e-06,0.0020215511322021484,12,37661.0,82502.28499504474,17,22
56088.29407614698,4.030472691781323e-06,0.0,9,238864.0,359341.0989098862,17,16
53217.77332405468,2.9266128882319572e-06,0.0,16,176723.0,275800.51566223,26,25
53579.02893618074,6.071746279836415e-06,0.0,10,75788.0,182160.92224442447,19,18
53348.304448672345,3.661071448798123e-06,0.002010822296142578,11,103088.0,212979.7266534153,19,19
41154.81784644149,3.124869881312016e-06,0.0,12,46077.0,95506.67782008232,19,23
55314.512923394366,1.5982417960008286e-06,0.0,10,313204.0,367493.725537492,21,21
45779.22254356657,2.2797374515704275e-06,0.0,14,58602.0,98766.03600022131,21,27
43508.354132460314,2.3706627834249016e-06,0.0020155906677246094,10,352075.0,437034.39494703064,20,18
57503.90021962862,1.1755525200091197e-06,0.0,17,98074.0,154619.14758926275,29,33
48936.06236834835,8.769317889624043e-07,0.0,29,37514.0,72126.44249060581,37,52
63562.56385035635,5.125484171898125e-06,0.0,10,121830.0,231458.1666725775,17,16
50491.01780706881,1.4274287681932042e-06,0.008017539978027344,12,275436.0,376570.42070912156,22,23
51522.393375782296,4.502328192439754e-06,0.0020215511322021484,11,49742.0,113717.57039873474,17,19
45513.06954749627,3.160882292318041e-06,0.0,19,44101.0,92997.49178158032,26,30
52908.36389472117,1.8847483752579666e-06,0.0,13,91345.0,134686.1667426909,22,26
33635.95832265712,4.2216032973240815e-06,0.0,19,22855.0,57101.16475764611,24,30
14315.627029521647,2.592991967677773e-06,0.0,23,10445.0,18837.033972094363,26,39
21631.693610616323,3.769713365392219e-06,0.0,18,14720.0,30591.5323578288,22,31
47132.11545448454,3.8106219038008586e-06,0.0,12,48649.0,105017.40546365485,19,22
45864.67909323638,1.1953857669807456e-06,0.0,12,263843.0,353141.27769478946,26,24
54131.156223515245,2.9390263043840103e-06,0.0,11,181609.0,283553.31422170677,18,19
58446.73654546168,4.6907072154564545e-06,0.008020401000976562,12,76229.0,169623.19735675943,18,20
19749.969947283735,2.398692612303194e-06,0.002022981643676758,41,12366.0,32013.535668001394,45,57
51949.037088728066,4.641650608873243e-06,0.0,9,168645.0,280367.76522982924,18,16
47139.91333743839,3.4243014063827587e-06,0.0,8,373084.0,458758.622360385,16,15
48920.80770997721,2.076274676222059e-06,0.008043766021728516,13,139381.0,222268.3558596903,25,25
34587.69066061931,3.982129411184497e-06,0.0020112991333007812,15,29687.0,79896.1189268592,22,27
34620.82007086674,4.756672374594783e-06,0.0,12,25402.0,63041.357621672265,18,22
45229.66318695323,2.8342545993244105e-06,0.0,11,349534.0,449428.3191035732,21,19
45325.49240244544,3.5888509420499633e-06,0.0,12,44269.0,101657.75193908525,18,23
56065.327678494425,2.0941228287585504e-06,0.002020120620727539,13,98622.0,197679.53919241307,22,24
57602.278992527565,4.261696228348764e-06,0.0,13,63520.0,137249.97039220226,20,21
86093.5920210868,1.156352755337964e-06,0.0,12,133431.0,312807.1278373375,21,25
47910.76042974235,4.966709870681806e-06,0.0,12,68403.0,145816.28687802842,18,19
55623.537952627674,2.766588837110259e-06,0.008013248443603516,10,170725.0,275336.01044020534,19,20
62304.88161389647,5.250923958199253e-06,0.0020208358764648438,9,67710.0,204363.00570777192,15,17
